1718187202651105792.000000000,2.175465,-2.562061,-0.744115,-0.456902,0.238438,0.375575,0.770280
1718187202717783040.000000000,2.447993,-2.691606,-0.765636,-0.460584,0.236714,0.394433,0.759112
1718187202784458752.000000000,2.735223,-2.959912,-0.941522,-0.450942,0.241516,0.421484,0.748780
1718187202851135744.000000000,3.006696,-3.216903,-1.203338,-0.432830,0.244278,0.449700,0.742129
1718187202917812736.000000000,3.338626,-3.473771,-1.403395,-0.428293,0.249843,0.474144,0.727552
1718187203017827840.000000000,3.939022,-3.928661,-1.808185,-0.417211,0.262826,0.514071,0.701847
1718187203117842432.000000000,4.634586,-4.413359,-2.264681,-0.408998,0.279079,0.553705,0.669512
1718187203184519168.000000000,5.097676,-4.704003,-2.585728,-0.403001,0.287350,0.579149,0.647771
1718187203251194112.000000000,5.584906,-5.071496,-3.015489,-0.390716,0.294685,0.604481,0.628573
1718187203351208960.000000000,6.245729,-5.379797,-3.541767,-0.383096,0.291056,0.637026,0.602264
1718187203417885184.000000000,6.743688,-5.592971,-3.942095,-0.376972,0.290685,0.659218,0.582088
1718187203484561664.000000000,7.295633,-5.841658,-4.414651,-0.369020,0.292462,0.680925,0.560920
1718187203551245312.000000000,7.954865,-6.141153,-4.950030,-0.361293,0.301563,0.702478,0.533902
1718187203617928704.000000000,8.707070,-6.460263,-5.547184,-0.353994,0.315562,0.723033,0.502327
1718187203717953024.000000000,9.978144,-6.934847,-6.580089,-0.342661,0.337759,0.752386,0.449909
1718187203784636160.000000000,10.892762,-7.206803,-7.318672,-0.335075,0.353319,0.770344,0.411656
1718187203851319808.000000000,11.805971,-7.491924,-8.131019,-0.324050,0.367976,0.786365,0.375787
1718187203951345152.000000000,13.226372,-7.902428,-9.467704,-0.306770,0.386120,0.807850,0.322773
1718187204051370496.000000000,14.727093,-8.351124,-10.983846,-0.284975,0.406708,0.824988,0.269764
1718187204118053376.000000000,15.736067,-8.598026,-12.066057,-0.271075,0.414458,0.836328,0.235155
1718187204184737024.000000000,16.773606,-8.834232,-13.214037,-0.255912,0.422944,0.846086,0.199417
1718187204251420928.000000000,17.833871,-8.997476,-14.416305,-0.242584,0.428666,0.854861,0.163129
1718187204318104832.000000000,18.913180,-9.111121,-15.686235,-0.229770,0.432759,0.862642,0.125591
1718187204418130688.000000000,20.558997,-9.436170,-17.789797,-0.203314,0.442790,0.870223,0.072888
1718187204484814336.000000000,21.671410,-9.606387,-19.284719,-0.186521,0.446631,0.874272,0.037122
1718187204551497216.000000000,22.796494,-9.723519,-20.846760,-0.170328,0.448753,0.877274,0.000024
1718187204651523072.000000000,24.492731,-9.834243,-23.330062,-0.146125,0.451469,0.878485,-0.055564
1718187204718207232.000000000,25.624822,-9.873451,-25.075496,-0.130185,0.453039,0.877153,-0.091709
1718187204784891136.000000000,26.758256,-9.908939,-26.913335,-0.113357,0.453016,0.874817,-0.128923
1718187204884917248.000000000,28.443398,-9.911583,-29.814156,-0.087624,0.450448,0.869115,-0.184549
1718187204951601152.000000000,29.553805,-9.883457,-31.837216,-0.070653,0.449411,0.862850,-0.220290
1718187205018284288.000000000,30.653926,-9.849326,-33.949219,-0.053979,0.447257,0.855269,-0.256052
1718187205084968704.000000000,31.735065,-9.788003,-36.128395,-0.037021,0.444199,0.846453,-0.291263
1718187205151653120.000000000,32.797105,-9.711694,-38.384096,-0.020263,0.440570,0.836070,-0.326304
1718187205218337280.000000000,33.841883,-9.631797,-40.724244,-0.002443,0.436341,0.824544,-0.360176
1718187205285021696.000000000,34.855649,-9.530082,-43.142115,0.014961,0.430384,0.811826,-0.394315
1718187205351706112.000000000,35.845009,-9.418885,-45.621949,0.032051,0.424008,0.797738,-0.427555
1718187205418389504.000000000,36.797571,-9.302430,-48.197132,0.049710,0.416249,0.782798,-0.459883
1718187205518414592.000000000,38.178334,-9.111637,-52.156489,-0.075686,-0.404279,-0.757424,0.507089
1718187205585096192.000000000,39.058266,-8.983794,-54.880741,-0.093618,-0.395752,-0.738635,0.537619
1718187205651777792.000000000,39.898826,-8.858265,-57.682030,-0.110649,-0.385723,-0.719070,0.567374
1718187205718459392.000000000,40.704231,-8.731401,-60.539318,-0.126577,-0.375229,-0.698582,0.595957
1718187205785141248.000000000,41.473941,-8.602979,-63.451533,-0.142296,-0.364961,-0.676128,0.624024
1718187205885162496.000000000,42.557220,-8.419674,-67.927338,-0.165002,-0.348210,-0.641322,0.663498
1718187205985185024.000000000,43.512889,-8.267213,-72.582601,-0.187542,-0.327682,-0.604464,0.701481
1718187206051866624.000000000,44.124664,-8.170518,-75.714938,-0.202559,-0.315010,-0.578376,0.724721
1718187206118547968.000000000,44.697909,-8.086838,-78.894627,-0.217320,-0.301257,-0.551163,0.747152
1718187206185229568.000000000,45.226135,-8.025726,-82.128119,-0.231755,-0.286896,-0.523460,0.768095
1718187206251910912.000000000,45.723603,-7.974415,-85.396239,-0.245873,-0.272334,-0.494747,0.787785
1718187206318591232.000000000,46.216489,-7.931085,-88.671616,-0.259133,-0.260562,-0.463509,0.806298
1718187206385273088.000000000,46.642555,-7.928899,-92.023091,-0.271662,-0.245611,-0.433145,0.823566
1718187206485295104.000000000,47.221414,-7.961628,-97.111498,-0.290930,-0.221513,-0.386505,0.846703
1718187206551976960.000000000,47.566582,-8.019796,-100.548819,-0.302998,-0.204696,-0.354198,0.860718
1718187206618658560.000000000,47.882103,-8.102953,-104.015672,-0.314335,-0.188155,-0.322126,0.872941
1718187206685340160.000000000,48.171111,-8.212929,-107.510046,-0.324745,-0.171416,-0.289045,0.884087
1718187206785361408.000000000,48.562375,-8.429141,-112.797574,-0.339634,-0.145076,-0.238925,0.898063
1718187206852043264.000000000,48.796453,-8.610738,-116.353892,-0.348838,-0.127252,-0.205233,0.905538
1718187206918724864.000000000,49.012326,-8.823535,-119.932673,-0.358496,-0.109316,-0.170935,0.911215
1718187206985406208.000000000,49.213955,-9.067408,-123.531921,-0.366825,-0.091005,-0.135628,0.915840
1718187207085428736.000000000,49.496691,-9.490445,-128.963910,-0.377049,-0.064164,-0.083718,0.920168
1718187207152110336.000000000,49.675727,-9.809181,-132.608232,-0.383616,-0.045501,-0.048587,0.921090
1718187207252131584.000000000,49.939356,-10.348435,-138.107479,-0.392359,-0.017654,0.004275,0.919633
1718187207318813184.000000000,50.114814,-10.748103,-141.796337,-0.396884,0.000767,0.039413,0.917022
1718187207385494784.000000000,50.294725,-11.178140,-145.501824,-0.400754,0.019084,0.074565,0.912947
1718187207452176128.000000000,50.482515,-11.637174,-149.223636,-0.404644,0.037944,0.109186,0.907139
1718187207552198144.000000000,50.786747,-12.377591,-154.833759,-0.408802,0.064211,0.159362,0.896305
1718187207618879744.000000000,51.009732,-12.907171,-158.596924,-0.417718,0.084176,0.186987,0.885134
1718187207685560576.000000000,51.255885,-13.467876,-162.369697,-0.426354,0.106179,0.222456,0.870323
1718187207752241920.000000000,51.533246,-14.063981,-166.150043,-0.427784,0.129997,0.280928,0.849224
1718187207818923520.000000000,51.842701,-14.691657,-169.941426,-0.429536,0.149093,0.317010,0.832331
1718187207885605120.000000000,52.188366,-15.332767,-173.758100,-0.426004,0.170258,0.348021,0.817566
1718187207985627136.000000000,52.778764,-16.354023,-179.502004,-0.422499,0.204652,0.406472,0.783832
1718187208052308480.000000000,53.223407,-17.058322,-183.349889,-0.419747,0.221672,0.443350,0.760339
1718187208118989056.000000000,53.709927,-17.782080,-187.230543,-0.413170,0.244877,0.470471,0.740259
1718187208185670400.000000000,54.240334,-18.522046,-191.134155,-0.406018,0.261531,0.498509,0.719889
1718187208285692672.000000000,55.119302,-19.660211,-197.035858,-0.385748,0.282505,0.538518,0.693822
1718187208352374016.000000000,55.757931,-20.432180,-201.013333,-0.362862,0.296747,0.566983,0.677350
1718187208419055360.000000000,56.435749,-21.213314,-205.029718,-0.347021,0.308577,0.587267,0.662928
1718187208485736960.000000000,57.148244,-22.002240,-209.089227,-0.325502,0.321867,0.601233,0.654957
1718187208552417536.000000000,57.892738,-22.797449,-213.190322,-0.309175,0.332959,0.609111,0.650026
1718187208619099392.000000000,58.669470,-23.594973,-217.336254,-0.292298,0.350838,0.620430,0.637605
1718187208685780992.000000000,59.474581,-24.391647,-221.525288,-0.285472,0.355053,0.638264,0.620534
1718187208752462848.000000000,60.309719,-25.188227,-225.767741,-0.270528,0.381927,0.649010,0.599777
1718187208852485376.000000000,61.615328,-26.378793,-232.218240,-0.251984,0.409452,0.670204,0.565402
1718187208919167232.000000000,62.517804,-27.168645,-236.584599,-0.233728,0.418672,0.688261,0.544410
1718187209019188736.000000000,63.926099,-28.328021,-243.228590,-0.208601,0.432714,0.722592,0.497097
1718187209085870336.000000000,64.897996,-29.081263,-247.733881,-0.198358,0.435089,0.742220,0.469533
1718187209185892864.000000000,66.413771,-30.177971,-254.609449,-0.173402,0.453690,0.768847,0.415899
1718187209252574464.000000000,67.456452,-30.885536,-259.276312,-0.156849,0.457694,0.786900,0.383019
1718187209319256064.000000000,68.525770,-31.585244,-264.001924,-0.137966,0.464143,0.799577,0.355265
1718187209419277568.000000000,70.168150,-32.597701,-271.203184,-0.115695,0.461781,0.822666,0.310796
1718187209485959168.000000000,71.283554,-33.233442,-276.092887,-0.098821,0.462247,0.835075,0.281448
1718187209552641280.000000000,72.417417,-33.860513,-281.047192,-0.080415,0.463508,0.847221,0.246799
1718187209619323648.000000000,73.561214,-34.447922,-286.069572,-0.057201,0.462166,0.859401,0.211093
1718187209686006016.000000000,74.718484,-35.036987,-291.154260,-0.031175,0.462796,0.869476,0.169879
1718187209752688384.000000000,75.880829,-35.571499,-296.309889,-0.012859,0.464774,0.874957,0.135166
1718187209852711936.000000000,77.629405,-36.370379,-304.152456,0.010410,0.462474,0.883725,0.070986
1718187209919393024.000000000,78.797061,-36.812264,-309.482391,0.026362,0.455123,0.889892,0.016096
1718187209986075392.000000000,79.961638,-37.225027,-314.876358,0.036833,0.442913,0.895141,-0.034563
1718187210052757504.000000000,81.120304,-37.604185,-320.333373,0.043469,0.431689,0.897218,-0.082183
1718187210119439872.000000000,82.272171,-37.958227,-325.844355,0.043644,0.413669,0.900950,-0.123545
1718187210186122240.000000000,83.412512,-38.267239,-331.412697,0.056318,0.390770,0.902583,-0.171672
1718187210252804608.000000000,84.537906,-38.547761,-337.040394,0.078043,0.363855,0.901938,-0.219151
1718187210319485696.000000000,85.653406,-38.839887,-342.733925,0.098205,0.358598,0.890980,-0.260611
1718187210419508992.000000000,87.288878,-39.218115,-351.393414,0.126257,0.348690,0.869160,-0.327162
1718187210486191360.000000000,88.353182,-39.439268,-357.241386,0.152213,0.326686,0.853132,-0.377191
1718187210552872448.000000000,89.388195,-39.632354,-363.148418,0.166810,0.300158,0.837869,-0.424329
1718187210619553536.000000000,90.393244,-39.797128,-369.118351,0.176936,0.284900,0.826444,-0.452234
1718187210719575040.000000000,91.839264,-39.992660,-378.175212,0.195363,0.240658,0.818571,-0.483589
1718187210786255104.000000000,92.746888,-40.084281,-384.283319,-0.222142,-0.214569,-0.794426,0.522973
1718187210852936192.000000000,93.613788,-40.145243,-390.436212,-0.235972,-0.196037,-0.771571,0.557284
1718187210919617280.000000000,94.444184,-40.205503,-396.640716,-0.253490,-0.166322,-0.748141,0.590224
1718187210986298368.000000000,95.230412,-40.243129,-402.885272,-0.263745,-0.132736,-0.720510,0.627443
1718187211086319872.000000000,96.317093,-40.265773,-412.337179,-0.270146,-0.094677,-0.683488,0.671491
1718187211186341120.000000000,97.284565,-40.250181,-421.890142,-0.268823,-0.069218,-0.665024,0.693316
1718187211253020928.000000000,97.870659,-40.224098,-428.304684,-0.280925,-0.056967,-0.634959,0.717400
1718187211319702016.000000000,98.398162,-40.179489,-434.746830,-0.278080,-0.053874,-0.624067,0.728224
1718187211386382848.000000000,98.903273,-40.157068,-441.220000,-0.281975,-0.048912,-0.601389,0.745942
1718187211486403584.000000000,99.577401,-40.118215,-450.980528,-0.286202,-0.025984,-0.557841,0.778605
1718187211553089792.000000000,100.003660,-40.008808,-457.488205,-0.291352,-0.018307,-0.530660,0.795726
1718187211653118464.000000000,100.560347,-39.970136,-467.356369,-0.293323,-0.001298,-0.491201,0.820172
1718187211753148160.000000000,101.005229,-40.049776,-477.314981,-0.298039,0.023140,-0.447329,0.842931
1718187211819834624.000000000,101.274431,-40.059607,-483.955385,-0.296661,0.039206,-0.416173,0.858636
1718187211953208320.000000000,101.729039,-40.170578,-497.305184,-0.296541,0.069150,-0.349208,0.886192
1718187212019895552.000000000,101.919958,-40.236139,-504.005881,-0.296864,0.082867,-0.316244,0.897215
1718187212086581504.000000000,102.089014,-40.322696,-510.725282,-0.295334,0.097325,-0.285713,0.906462
1718187212153268480.000000000,102.238825,-40.433123,-517.462012,-0.290894,0.113398,-0.254176,0.915378
1718187212253299456.000000000,102.435437,-40.667859,-527.604499,-0.287567,0.142509,-0.200050,0.925730
1718187212319986944.000000000,102.553556,-40.844553,-534.384977,-0.283473,0.164291,-0.165474,0.930199
1718187212386674688.000000000,102.650618,-41.034019,-541.179049,-0.280077,0.184549,-0.135064,0.932339
1718187212453361920.000000000,102.757599,-41.279687,-547.997481,-0.277938,0.195541,-0.103376,0.934787
1718187212520047104.000000000,102.823686,-41.508061,-554.826188,-0.271428,0.211433,-0.065189,0.936682
1718187212620069632.000000000,103.001977,-42.051384,-565.134579,-0.270351,0.234396,-0.012579,0.933708
1718187212686752000.000000000,103.109259,-42.396718,-572.023880,-0.269677,0.247878,0.022044,0.930239
1718187212753434624.000000000,103.231631,-42.773716,-578.930243,-0.266380,0.266728,0.061885,0.924158
1718187212820116992.000000000,103.365670,-43.178166,-585.856221,-0.257372,0.289117,0.104610,0.916094
1718187212886799616.000000000,103.506894,-43.596094,-592.801052,-0.249121,0.306798,0.143142,0.907372
1718187212986822144.000000000,103.773033,-44.344352,-603.273386,-0.235781,0.330285,0.206688,0.890281
1718187213086845696.000000000,104.073346,-45.157917,-613.802574,-0.227102,0.344641,0.256118,0.874100
1718187213153528064.000000000,104.306403,-45.706420,-620.851386,-0.219659,0.351813,0.298728,0.859500
1718187213220210432.000000000,104.563572,-46.288357,-627.934060,-0.210362,0.359733,0.340751,0.842751
1718187213286892800.000000000,104.879671,-46.940786,-635.044352,-0.200962,0.365071,0.365158,0.832464
1718187213353575168.000000000,105.219154,-47.599316,-642.193367,-0.190154,0.369582,0.389923,0.821712
1718187213420256512.000000000,105.570105,-48.271783,-649.392033,-0.177324,0.368784,0.425129,0.807354
1718187213486938880.000000000,105.957923,-48.976222,-656.634717,-0.165032,0.370449,0.461090,0.789258
1718187213553624832.000000000,106.382812,-49.709212,-663.922651,-0.146385,0.375161,0.489607,0.773376
1718187213653653760.000000000,107.099210,-50.876394,-674.938788,-0.129034,0.374986,0.525053,0.753030
1718187213720339712.000000000,107.613894,-51.662427,-682.347214,-0.111233,0.379017,0.553059,0.733553
1718187213787025920.000000000,108.169163,-52.456365,-689.801787,-0.092695,0.377434,0.584409,0.712332
1718187213853712128.000000000,108.759361,-53.256465,-697.312590,-0.075314,0.382258,0.611609,0.688579
1718187213920397824.000000000,109.388044,-54.066006,-704.877737,-0.058109,0.383635,0.632505,0.670362
1718187213987084032.000000000,110.062519,-54.880157,-712.499249,-0.044428,0.384976,0.654622,0.649068
1718187214053770496.000000000,110.779849,-55.691446,-720.177558,-0.028663,0.383885,0.678251,0.625929
1718187214153800448.000000000,111.928502,-56.912325,-731.803866,-0.006696,0.386005,0.712351,0.586098
1718187214220487424.000000000,112.739612,-57.701222,-739.625559,0.013120,0.387105,0.736498,0.554571
1718187214287173888.000000000,113.583637,-58.478093,-747.503416,0.025667,0.388312,0.753272,0.530223
1718187214353859840.000000000,114.453780,-59.243090,-755.438596,0.038731,0.391018,0.769473,0.503504
1718187214420546816.000000000,115.351588,-59.992506,-763.429928,0.055877,0.397600,0.785530,0.470886
1718187214487234048.000000000,116.264165,-60.715841,-771.475997,0.065884,0.392920,0.804004,0.441419
1718187214553916928.000000000,117.226805,-61.411871,-779.532714,0.072437,0.389953,0.822306,0.408047
1718187214653941504.000000000,118.717150,-62.436184,-791.725868,0.075695,0.374632,0.853054,0.355275
1718187214720624128.000000000,119.673086,-63.122123,-800.040550,0.081275,0.360440,0.871991,0.321105
1718187214787305984.000000000,120.684252,-63.749706,-808.347182,0.082520,0.346418,0.888536,0.289290
1718187214887330560.000000000,122.232896,-64.635403,-820.893677,0.087701,0.326123,0.914544,0.222626
1718187214954013696.000000000,123.287387,-65.160641,-829.324309,0.088064,0.303811,0.931729,0.178398
1718187215020696576.000000000,124.350825,-65.651172,-837.817033,0.089688,0.282164,0.945064,0.138539
1718187215087379712.000000000,125.425199,-66.105177,-846.368846,0.091745,0.265364,0.954495,0.100515
1718187215154062592.000000000,126.506404,-66.515361,-854.980746,0.094676,0.250965,0.961307,0.062782
1718187215220744704.000000000,127.572660,-66.884028,-863.674429,0.096422,0.229397,0.968358,0.019022
1718187215287427328.000000000,128.641954,-67.223533,-872.416348,0.098136,0.207448,0.973082,-0.021120
1718187215354110464.000000000,129.712549,-67.532312,-881.221032,0.097815,0.181133,0.977015,-0.055355
1718187215420793600.000000000,130.776422,-67.791763,-890.081995,0.097794,0.165390,0.977036,-0.092102
1718187215487476480.000000000,131.825288,-68.000888,-899.015142,0.097847,0.145207,0.975669,-0.131951
1718187215554159104.000000000,132.862942,-68.158178,-907.980141,0.099421,0.127313,0.971193,-0.175187
1718187215654181888.000000000,134.409009,-68.319179,-921.521398,0.099540,0.111754,0.963633,-0.221393
1718187215720864256.000000000,135.408206,-68.345468,-930.606479,0.104704,0.110985,0.952490,-0.263596
1718187215787546880.000000000,136.379931,-68.323300,-939.742112,0.108179,0.103941,0.940018,-0.306365
1718187215887570688.000000000,137.780687,-68.238904,-953.556844,0.114158,0.100793,0.918418,-0.365127
1718187215954253312.000000000,138.695905,-68.118418,-962.795602,0.115505,0.111533,0.903165,-0.398135
1718187216020935424.000000000,139.558003,-67.950493,-972.093645,0.114009,0.123959,0.889437,-0.424897
1718187216120958208.000000000,140.818810,-67.681548,-986.129355,0.121981,0.129791,0.864868,-0.469338
1718187216187640576.000000000,141.617491,-67.453155,-995.532120,-0.133472,-0.131314,-0.839598,0.509919
1718187216254323200.000000000,142.383330,-67.210779,-1004.981116,-0.137392,-0.127825,-0.815344,0.547721
1718187216321005568.000000000,143.115390,-66.945458,-1014.466222,-0.137488,-0.130453,-0.797856,0.572280
1718187216387688192.000000000,143.813000,-66.662606,-1023.987007,-0.136207,-0.128560,-0.781215,0.595503
1718187216454370560.000000000,144.469094,-66.363505,-1033.543762,-0.141780,-0.125753,-0.760222,0.621407
1718187216521053440.000000000,145.091255,-66.061182,-1043.134944,-0.145264,-0.118609,-0.732584,0.654332
1718187216654418944.000000000,146.212245,-65.463374,-1062.423228,-0.147455,-0.102941,-0.686908,0.704143
1718187216721102080.000000000,146.726663,-65.149086,-1072.107286,-0.156726,-0.092351,-0.661127,0.727887
1718187216787785216.000000000,147.199885,-64.815576,-1081.805515,-0.158942,-0.085643,-0.629966,0.755345
1718187216854468864.000000000,147.660946,-64.496427,-1091.549183,-0.155152,-0.076266,-0.604850,0.777347
1718187216921152000.000000000,148.085683,-64.163852,-1101.315704,-0.154082,-0.066832,-0.574637,0.800990
1718187216987834368.000000000,148.467520,-63.689368,-1111.004657,-0.156603,-0.050030,-0.545029,0.822141
1718187217087859456.000000000,149.047879,-63.184870,-1125.774130,-0.172248,-0.019121,-0.505617,0.845172
1718187217154542592.000000000,149.407134,-63.008743,-1135.738803,-0.182841,0.003494,-0.480880,0.857503
1718187217254567936.000000000,149.858549,-62.604313,-1150.589592,-0.199365,0.036572,-0.435964,0.876842
1718187217321251072.000000000,150.121035,-62.340266,-1160.502003,-0.216908,0.062786,-0.392086,0.891783
1718187217421275136.000000000,150.479227,-62.012216,-1175.415991,-0.234929,0.100695,-0.334521,0.907064
1718187217487958528.000000000,150.682298,-61.804454,-1185.374762,-0.245020,0.120663,-0.293178,0.916217
1718187217554641152.000000000,150.866832,-61.623498,-1195.348673,-0.257411,0.146831,-0.253019,0.920957
1718187217621324032.000000000,151.014893,-61.473663,-1205.335146,-0.267607,0.166493,-0.216769,0.923947
1718187217688006656.000000000,151.154358,-61.373335,-1215.340945,-0.276260,0.185705,-0.180372,0.925559
1718187217788030720.000000000,151.369493,-61.316498,-1230.387123,-0.289568,0.215974,-0.118255,0.924944
1718187217854713088.000000000,151.499842,-61.323262,-1240.426574,-0.294363,0.237267,-0.078611,0.922429
1718187217921394944.000000000,151.632372,-61.372956,-1250.481481,-0.284683,0.247398,-0.043979,0.925103
1718187217988077312.000000000,151.777321,-61.470188,-1260.552078,-0.271802,0.258416,-0.013945,0.926904
1718187218054759936.000000000,151.934591,-61.605042,-1270.641413,-0.252146,0.272506,0.026700,0.928143
1718187218121442560.000000000,152.089553,-61.774364,-1280.754015,-0.233810,0.283010,0.063262,0.928028
1718187218188125184.000000000,152.249464,-61.981231,-1290.893962,-0.210073,0.291444,0.090902,0.928798
1718187218254808064.000000000,152.423563,-62.215442,-1301.064518,-0.195149,0.297824,0.116959,0.927113
1718187218321489664.000000000,152.609653,-62.477491,-1311.268330,-0.181631,0.307222,0.153939,0.921373
1718187218388172032.000000000,152.795764,-62.768624,-1321.505291,-0.171791,0.311636,0.181458,0.916757
1718187218454854656.000000000,153.016682,-63.087120,-1331.771238,-0.161704,0.313112,0.209276,0.912149
1718187218554878720.000000000,153.359324,-63.631319,-1347.230631,-0.144548,0.294502,0.268565,0.905675
1718187218621561344.000000000,153.593336,-64.031779,-1357.580086,-0.125731,0.276855,0.313161,0.899707
1718187218688243968.000000000,153.865556,-64.464952,-1367.961731,-0.103882,0.250407,0.363610,0.891231
1718187218754925568.000000000,154.164615,-64.937413,-1378.382133,-0.079212,0.220276,0.407202,0.882831
1718187218821608192.000000000,154.489349,-65.432999,-1388.847744,-0.051706,0.189776,0.451775,0.870179
1718187218888290560.000000000,154.858557,-65.948301,-1399.354770,-0.026748,0.154745,0.502673,0.850093
1718187218954973184.000000000,155.266657,-66.477207,-1409.908639,-0.003190,0.128319,0.547111,0.827160
1718187219054996736.000000000,155.970514,-67.284333,-1425.821324,0.020942,0.096485,0.599895,0.793964
1718187219121679616.000000000,156.468422,-67.831364,-1436.497080,0.032293,0.081928,0.630826,0.770911
1718187219221702144.000000000,157.316762,-68.638688,-1452.580347,0.027672,0.071888,0.671323,0.737151
1718187219288384512.000000000,157.897444,-69.138484,-1463.353865,0.014784,0.065380,0.702292,0.708726
1718187219355066880.000000000,158.557087,-69.669545,-1474.187155,-0.001990,0.075959,0.726134,0.683341
1718187219421749248.000000000,159.257819,-70.165449,-1485.047940,-0.025835,0.087696,0.748281,0.657052
1718187219488431616.000000000,159.998476,-70.645718,-1495.951388,-0.054647,0.102217,0.765971,0.632340
1718187219555112448.000000000,160.781453,-71.107827,-1506.897998,-0.086943,0.123553,0.777756,0.610140
1718187219621792512.000000000,161.603605,-71.549520,-1517.886855,-0.120436,0.142993,0.789681,0.584339
1718187219688471296.000000000,162.466535,-71.972689,-1528.920120,-0.155328,0.164989,0.798379,0.557891
1718187219755151360.000000000,163.369727,-72.376191,-1539.999137,-0.190234,0.187131,0.804553,0.530553
1718187219821831168.000000000,164.323991,-72.762072,-1551.133823,-0.223039,0.208931,0.809630,0.501099
1718187219888511232.000000000,165.302378,-73.121744,-1562.303418,-0.258159,0.226611,0.814099,0.468234
1718187219955191040.000000000,166.313001,-73.456280,-1573.516221,-0.289040,0.243569,0.816745,0.435956
1718187220021871104.000000000,167.356766,-73.763569,-1584.773733,-0.317539,0.256468,0.819087,0.403101
1718187220088550144.000000000,168.432726,-74.040962,-1596.076297,-0.338557,0.269964,0.823860,0.365722
1718187220155229696.000000000,169.539261,-74.285372,-1607.424780,-0.354267,0.281891,0.830499,0.324504
1718187220255249152.000000000,171.250708,-74.601289,-1624.540901,-0.363100,0.298890,0.842810,0.261716
1718187220321928960.000000000,172.427274,-74.757692,-1636.006551,-0.356347,0.307659,0.853470,0.223500
1718187220421948416.000000000,174.240669,-74.930724,-1653.301103,-0.332326,0.322762,0.869808,0.169757
1718187220488628224.000000000,175.465498,-74.986736,-1664.892852,-0.304561,0.332445,0.882987,0.130602
1718187220588650496.000000000,177.344123,-75.001186,-1682.395967,-0.250243,0.347452,0.900907,0.070872
1718187220655333120.000000000,178.611926,-74.936812,-1694.130245,-0.206874,0.355296,0.911121,0.028744
1718187220722015744.000000000,179.893499,-74.825341,-1705.919498,-0.157693,0.361231,0.918919,-0.015279
1718187220788698112.000000000,181.172112,-74.659170,-1717.770998,-0.107823,0.364274,0.923381,-0.055196
1718187220855380736.000000000,182.456413,-74.448325,-1729.684886,-0.055738,0.368225,0.923579,-0.091137
1718187220955404800.000000000,184.363482,-74.090292,-1747.706425,0.025679,0.374073,0.916722,-0.137955
1718187221022086400.000000000,185.617474,-73.764726,-1759.783606,0.083470,0.371586,0.908810,-0.170357
1718187221088769024.000000000,186.851360,-73.399277,-1771.927714,0.131030,0.371329,0.897981,-0.196409
1718187221155451392.000000000,188.066222,-73.011276,-1784.140439,0.173357,0.370736,0.884995,-0.222003
1718187221222134016.000000000,189.242931,-72.581973,-1796.387042,0.203379,0.369326,0.872828,-0.245778
1718187221288816640.000000000,190.392088,-72.145438,-1808.706019,0.226777,0.362009,0.860685,-0.277025
1718187221388840704.000000000,192.054680,-71.482426,-1827.290124,0.242256,0.340609,0.845626,-0.331987
1718187221455522304.000000000,193.106851,-70.990656,-1839.760410,0.240207,0.323490,0.841825,-0.359146
1718187221555545600.000000000,194.650241,-70.245785,-1858.491176,0.218619,0.290939,0.842414,-0.397365
1718187221622227712.000000000,195.621199,-69.683936,-1871.031359,0.198810,0.258315,0.842360,-0.429160
1718187221688910080.000000000,196.546465,-69.094210,-1883.620443,0.170794,0.233893,0.847149,-0.445491
1718187221755592192.000000000,197.434911,-68.487937,-1896.253233,0.137418,0.206836,0.851918,-0.461055
1718187221855615232.000000000,198.700994,-67.565594,-1915.311582,-0.105756,-0.158393,-0.839926,0.508185
1718187221922296064.000000000,199.485389,-66.902288,-1928.058867,-0.084959,-0.133371,-0.823930,0.544181
1718187221988978432.000000000,200.228566,-66.212077,-1940.843538,-0.068819,-0.117584,-0.807038,0.574568
1718187222055660544.000000000,200.941407,-65.520876,-1953.679227,-0.059403,-0.101783,-0.792077,0.598938
1718187222155683584.000000000,201.925017,-64.449563,-1972.995048,-0.050843,-0.078204,-0.759345,0.643967
1718187222222365440.000000000,202.533438,-63.719130,-1985.906312,-0.051941,-0.058878,-0.735529,0.672928
1718187222289047808.000000000,203.091111,-62.984360,-1998.855069,-0.053231,-0.044899,-0.707491,0.703283
1718187222355728896.000000000,203.615249,-62.246657,-2011.835437,-0.055342,-0.035711,-0.681698,0.728663
1718187222422411008.000000000,204.126957,-61.519541,-2024.852042,-0.059308,-0.029214,-0.653893,0.753693
1718187222522433792.000000000,204.806359,-60.442851,-2044.441187,-0.072582,-0.014535,-0.605746,0.792207
1718187222622457600.000000000,205.433832,-59.407561,-2064.112745,-0.080490,-0.000924,-0.554921,0.828000
1718187222689139968.000000000,205.725699,-58.636166,-2077.175018,-0.088897,0.007330,-0.517689,0.850906
1718187222755821312.000000000,206.039308,-57.896836,-2090.355186,-0.100854,0.015110,-0.474579,0.874285
1718187222822503680.000000000,206.350995,-57.275628,-2103.638337,-0.118358,0.025232,-0.440041,0.889786
1718187222889186048.000000000,206.554408,-56.606358,-2116.807304,-0.124492,0.033648,-0.400715,0.907082
1718187222989209600.000000000,206.893117,-55.698892,-2136.687778,-0.135243,0.051116,-0.344989,0.927404
1718187223055891968.000000000,207.075100,-55.114907,-2149.983176,-0.133534,0.056708,-0.303865,0.941604
1718187223122574592.000000000,207.213589,-54.559337,-2163.297101,-0.133191,0.069359,-0.270044,0.951066
1718187223222596864.000000000,207.489426,-53.836427,-2183.334982,-0.124040,0.071350,-0.215627,0.965934
1718187223289279232.000000000,207.622963,-53.364776,-2196.721010,-0.129888,0.083729,-0.179464,0.971551
1718187223389303040.000000000,207.807725,-52.761881,-2216.844811,-0.135987,0.098450,-0.099028,0.980820
1718187223455985408.000000000,207.852434,-52.381969,-2230.285730,-0.141536,0.109306,-0.054145,0.982389
1718187223522667520.000000000,207.888095,-52.056509,-2243.753527,-0.144910,0.112309,-0.010812,0.982991
1718187223622691840.000000000,208.015889,-51.676295,-2264.009557,-0.153528,0.125127,0.048520,0.978988
1718187223756056576.000000000,208.296139,-51.287250,-2291.111190,-0.172672,0.138866,0.128968,0.966575
1718187223822739712.000000000,208.394945,-51.137852,-2304.705256,-0.175934,0.140935,0.164513,0.960271
1718187223889422080.000000000,208.500050,-51.014984,-2318.331817,-0.181275,0.147352,0.207429,0.949948
1718187223989446656.000000000,208.811839,-50.938516,-2338.821379,-0.194129,0.153661,0.254787,0.934765
1718187224056129280.000000000,208.961891,-50.903482,-2352.536887,-0.198517,0.162460,0.287526,0.922782
1718187224122811136.000000000,209.117089,-50.897978,-2366.283850,-0.200608,0.171873,0.317902,0.910579
1718187224189494016.000000000,209.375320,-50.918304,-2380.049532,-0.206419,0.186493,0.347464,0.895478
1718187224256176640.000000000,209.637510,-50.951034,-2393.859236,-0.199067,0.196894,0.383829,0.879932
1718187224322859264.000000000,209.877370,-51.102024,-2407.700073,-0.193237,0.210546,0.410903,0.865730
1718187224422883840.000000000,210.486119,-51.326775,-2428.501677,-0.187133,0.228080,0.465701,0.834316
1718187224522907904.000000000,211.084654,-51.595762,-2449.435289,-0.175739,0.230072,0.512744,0.808255
1718187224589590016.000000000,211.446102,-51.704973,-2463.450995,-0.166858,0.230608,0.536142,0.794689
1718187224656273152.000000000,211.872972,-51.835701,-2477.501071,-0.160706,0.236489,0.562106,0.776070
1718187224722956288.000000000,212.267279,-51.996416,-2491.609790,-0.161410,0.241356,0.591166,0.752474
1718187224822980864.000000000,213.204252,-52.338958,-2512.819169,-0.158803,0.247237,0.626022,0.722324
1718187224889664512.000000000,213.669485,-52.432921,-2527.036514,-0.158095,0.247463,0.656427,0.694889
1718187224956347392.000000000,214.228928,-52.549057,-2541.289884,-0.155759,0.249050,0.690643,0.660852
1718187225023029504.000000000,214.813782,-52.653067,-2555.592152,-0.152546,0.250322,0.723792,0.624655
1718187225123054336.000000000,215.956889,-52.943190,-2577.144604,-0.146633,0.249635,0.759656,0.582327
1718187225189737472.000000000,216.572235,-53.013731,-2591.604494,-0.140883,0.247577,0.782294,0.553962
1718187225256420608.000000000,217.252931,-53.068946,-2606.093885,-0.137638,0.245138,0.804515,0.523182
1718187225323103744.000000000,217.932027,-53.093460,-2620.641140,-0.133989,0.245468,0.824067,0.492652
1718187225389787136.000000000,218.560321,-53.179027,-2635.213861,-0.130849,0.244187,0.842136,0.462665
1718187225456469248.000000000,219.395736,-53.251709,-2649.850574,-0.128364,0.244952,0.859806,0.429250
1718187225523152640.000000000,220.171329,-53.241121,-2664.553309,-0.125215,0.244261,0.875781,0.397071
1718187225623177472.000000000,221.720176,-53.386213,-2686.813333,-0.116937,0.242239,0.899684,0.343823
1718187225689860864.000000000,222.358310,-53.170068,-2701.561428,-0.114976,0.239704,0.913871,0.306859
1718187225789885952.000000000,223.969311,-53.204269,-2724.013133,-0.107911,0.240470,0.930140,0.255672
1718187225856569344.000000000,224.586341,-52.818497,-2738.811749,-0.106748,0.237295,0.940229,0.219694
1718187225923251712.000000000,225.372576,-52.538496,-2753.725936,-0.104344,0.232220,0.949426,0.183783
1718187225989935104.000000000,226.166012,-52.228412,-2768.714752,-0.100026,0.227774,0.957089,0.148640
1718187226089960192.000000000,227.871400,-52.105615,-2791.615603,-0.090196,0.223474,0.966058,0.093039
1718187226156643840.000000000,228.464807,-51.469605,-2806.594593,-0.089523,0.219834,0.969739,0.057130
1718187226223327232.000000000,229.214065,-50.990357,-2821.715716,-0.086534,0.215696,0.972403,0.020464
1718187226290010624.000000000,229.973884,-50.497364,-2836.923003,-0.083711,0.211459,0.973677,-0.015186
1718187226356692992.000000000,230.727093,-49.971050,-2852.196034,-0.080841,0.206673,0.973722,-0.051146
1718187226490060288.000000000,233.115116,-49.550460,-2883.589071,-0.067882,0.198310,0.969637,-0.125970
1718187226590084608.000000000,234.543926,-48.780794,-2906.977838,-0.061047,0.192856,0.962279,-0.181929
1718187226690108160.000000000,235.963947,-47.934045,-2930.461438,-0.052877,0.186535,0.952126,-0.236358
1718187226756789504.000000000,236.325408,-46.657440,-2945.560825,-0.050389,0.183596,0.943229,-0.272164
1718187226823472384.000000000,236.857145,-45.693939,-2961.182020,-0.043513,0.172408,0.935231,-0.306145
1718187226923495680.000000000,238.682682,-45.590151,-2985.432206,-0.032470,0.157970,0.919300,-0.358996
1718187226990178048.000000000,239.048213,-44.316562,-3000.893135,-0.029822,0.154875,0.905781,-0.393300
1718187227056860672.000000000,239.574330,-43.407292,-3016.593755,-0.026205,0.149682,0.891911,-0.425916
1718187227123543296.000000000,240.052039,-42.460735,-3032.363084,-0.022946,0.143917,0.876776,-0.458284
1718187227223565824.000000000,241.579915,-42.000271,-3057.132451,0.013776,-0.130688,-0.851478,0.507657
1718187227290248448.000000000,241.655170,-40.413975,-3072.616638,0.011341,-0.128814,-0.832249,0.539111
1718187227356930816.000000000,241.977353,-39.380360,-3088.439751,0.007235,-0.121954,-0.813020,0.569274
1718187227423613184.000000000,242.260913,-38.345288,-3104.372407,0.002884,-0.114602,-0.792419,0.599108
1718187227490295552.000000000,242.514556,-37.326694,-3120.390815,-0.001722,-0.107910,-0.770274,0.628515
1718187227556977920.000000000,242.771951,-36.372748,-3136.521748,-0.004944,-0.100509,-0.747959,0.656073
1718187227657000704.000000000,244.119097,-36.017138,-3162.027266,-0.011592,-0.087857,-0.713611,0.694914
1718187227723683328.000000000,243.765409,-34.266339,-3177.715150,-0.015768,-0.085290,-0.686416,0.722018
1718187227790365696.000000000,243.661741,-33.086159,-3193.693673,-0.020408,-0.078913,-0.659819,0.746990
1718187227857048064.000000000,243.638107,-32.087946,-3209.882248,-0.024347,-0.071864,-0.633639,0.769899
1718187227923730688.000000000,243.563543,-31.107833,-3226.176865,-0.029001,-0.063500,-0.605037,0.793131
1718187227990413312.000000000,243.374925,-30.098630,-3242.504976,-0.033309,-0.056115,-0.576358,0.814587
1718187228057095424.000000000,243.185690,-29.187957,-3258.927754,-0.038479,-0.048949,-0.549033,0.833478
1718187228123777024.000000000,242.852178,-27.830167,-3275.494878,-0.054036,-0.037317,-0.520878,0.851101
1718187228190459392.000000000,243.336831,-27.656424,-3292.127045,-0.060722,-0.018433,-0.496838,0.865520
1718187228257141760.000000000,242.776686,-26.209428,-3308.165144,-0.067680,-0.010760,-0.461246,0.884622
1718187228323824128.000000000,243.275298,-26.146428,-3324.768683,-0.066722,0.011727,-0.410166,0.909491
1718187228390506496.000000000,243.792266,-24.976613,-3341.039635,-0.067490,0.016039,-0.376136,0.923964
1718187228490530304.000000000,244.433245,-23.587918,-3365.712305,-0.067573,0.012977,-0.323097,0.943861
1718187228557211904.000000000,245.821781,-22.243728,-3382.322952,-0.069476,0.011669,-0.284592,0.956057
1718187228623894528.000000000,248.236601,-20.341563,-3399.183398,-0.073513,0.019587,-0.249826,0.965297
1718187228690577152.000000000,249.344685,-18.952121,-3416.298068,-0.081966,0.020199,-0.214506,0.973068
1718187228757259776.000000000,248.947990,-14.736879,-3432.996037,-0.075840,0.020106,-0.182657,0.980041
1718187228823942400.000000000,247.311832,-14.175335,-3449.909766,-0.081580,0.021489,-0.152533,0.984691
1718187228890625024.000000000,246.950455,-13.706529,-3466.904534,-0.084983,0.019146,-0.120194,0.988921
1718187228957307648.000000000,246.638706,-13.317265,-3483.954174,-0.099336,0.023566,-0.078542,0.991669
1718187229023989248.000000000,246.307928,-12.903165,-3501.025736,-0.099176,0.024663,-0.036081,0.994110
1718187229090671872.000000000,246.061573,-12.442806,-3518.120693,-0.100695,0.030686,-0.005347,0.994430
1718187229157354496.000000000,245.685007,-12.058960,-3535.422167,-0.116490,0.025465,0.028474,0.992457
1718187229224037120.000000000,245.275747,-11.821358,-3552.668608,-0.091069,0.027084,0.072625,0.992824
1718187229290719744.000000000,244.925017,-11.447265,-3569.934339,-0.086412,0.032367,0.101867,0.990509
1718187229357402368.000000000,244.527122,-11.218874,-3587.208598,-0.070998,0.036820,0.134645,0.987661
1718187229424083968.000000000,244.165252,-11.053571,-3604.455183,-0.072792,0.036511,0.166422,0.982686
1718187229524108032.000000000,243.709016,-10.796093,-3630.462068,-0.073400,0.042951,0.218965,0.972020
1718187229590790144.000000000,243.351406,-10.725601,-3647.896854,-0.074081,0.054562,0.248515,0.964249
1718187229657472512.000000000,242.986700,-10.680212,-3665.385996,-0.071215,0.057546,0.283002,0.954739
1718187229757496320.000000000,242.587722,-10.628949,-3691.629164,-0.073184,0.060991,0.342035,0.934846
1718187229824178688.000000000,242.247238,-10.567862,-3709.210338,-0.078212,0.058458,0.385639,0.917469
1718187229890860288.000000000,241.906211,-10.535580,-3726.840052,-0.078276,0.057135,0.422055,0.901376
1718187229957542656.000000000,241.566881,-10.530982,-3744.516623,-0.082917,0.062617,0.452764,0.885555
1718187230057566464.000000000,241.272732,-10.536874,-3771.021230,-0.089494,0.064329,0.514794,0.850200
1718187230124248832.000000000,240.886466,-10.611440,-3788.841806,-0.096690,0.062374,0.549338,0.827640
1718187230190931200.000000000,240.712027,-11.059988,-3806.760704,-0.095677,0.069624,0.582122,0.804445
1718187230257613568.000000000,240.509185,-11.182794,-3824.599655,-0.099353,0.068899,0.611364,0.782059
1718187230357636096.000000000,240.391350,-11.334578,-3851.352987,-0.111597,0.061529,0.655928,0.743989
1718187230424318720.000000000,240.206850,-11.743680,-3869.366494,-0.111207,0.060835,0.682716,0.719605
1718187230491001088.000000000,240.220775,-12.345062,-3887.448537,-0.113134,0.055027,0.707127,0.695805
1718187230557683712.000000000,240.124631,-12.592301,-3905.464115,-0.113153,0.052490,0.734217,0.667357
1718187230624366080.000000000,239.964419,-12.892939,-3923.558567,-0.113383,0.050325,0.757747,0.640649
1718187230691048192.000000000,239.948390,-13.489755,-3941.863344,-0.111456,0.053177,0.777063,0.617190
1718187230757729536.000000000,239.891590,-13.816101,-3960.018820,-0.116233,0.047554,0.801099,0.585208
1718187230857752832.000000000,240.078467,-14.113286,-3987.192777,-0.127957,0.050607,0.832138,0.537226
1718187230924435200.000000000,239.852620,-14.637235,-4005.611456,-0.137261,0.046224,0.845629,0.513746
1718187230991117312.000000000,239.737797,-15.111333,-4024.016169,-0.137750,0.044339,0.864597,0.481176
1718187231057799680.000000000,239.905929,-15.966853,-4042.738721,-0.135508,0.036307,0.885807,0.442340
1718187231124481792.000000000,239.957053,-16.392230,-4061.166689,-0.138629,0.034167,0.904089,0.402786
1718187231191163904.000000000,240.251856,-17.450058,-4079.862667,-0.144455,0.029236,0.918030,0.368102
1718187231291186432.000000000,240.785495,-17.645933,-4107.371068,-0.141241,0.032081,0.937836,0.315414
1718187231357868544.000000000,240.614693,-18.572257,-4126.209678,-0.134388,0.028861,0.949719,0.281319
1718187231424550656.000000000,241.614688,-19.599979,-4145.280548,-0.122155,0.029821,0.961291,0.245169
1718187231491233024.000000000,242.562876,-20.704797,-4164.249079,-0.121110,0.016482,0.969979,0.210242
1718187231557915392.000000000,247.437511,-19.620844,-4183.022512,-0.115944,0.018968,0.976817,0.178955
1718187231657938432.000000000,248.643482,-19.524513,-4210.924600,-0.122644,0.016316,0.984268,0.126134
1718187231724621312.000000000,250.978798,-18.280886,-4229.741258,-0.123322,0.010253,0.988482,0.087118
1718187231791303936.000000000,251.794745,-18.206503,-4248.465592,-0.127374,0.006557,0.990275,0.055568
1718187231891327744.000000000,253.331128,-18.034332,-4276.705721,-0.131310,-0.004112,0.991332,-0.000900
1718187231958010368.000000000,254.821532,-16.657686,-4295.552377,-0.134862,-0.003722,0.989886,-0.043853
1718187232024692992.000000000,255.723304,-16.374862,-4314.387450,-0.143148,-0.000547,0.987094,-0.071789
1718187232124716288.000000000,258.188580,-13.156313,-4342.657426,-0.159221,-0.007994,0.980083,-0.118414
1718187232191398912.000000000,258.592348,-8.225239,-4361.568300,-0.169020,-0.009133,0.972726,-0.158599
1718187232258081536.000000000,258.786376,-5.860569,-4380.240856,-0.174045,-0.015127,0.964520,-0.197941
1718187232324764160.000000000,259.604303,-4.747434,-4399.158363,-0.173997,-0.025491,0.956567,-0.232498
1718187232424787968.000000000,260.945856,-2.993805,-4427.748966,-0.171988,-0.028708,0.944412,-0.278716
1718187232491471104.000000000,259.841630,0.383049,-4446.971955,-0.180512,-0.011704,0.931173,-0.316536
1718187232558152704.000000000,260.373146,1.696860,-4466.058670,-0.173279,-0.012922,0.917233,-0.358458
1718187232624835584.000000000,259.710897,3.605207,-4484.854827,-0.178356,-0.012206,0.902358,-0.392162
1718187232691518464.000000000,260.305521,5.156030,-4503.975781,-0.172256,-0.007086,0.892315,-0.417194
1718187232758201344.000000000,259.652275,7.017803,-4523.168740,-0.160750,0.003154,0.876975,-0.452840
1718187232824884224.000000000,258.169171,9.459549,-4542.250558,-0.158644,0.001275,0.853844,-0.495762
1718187232891567360.000000000,256.081392,11.974308,-4561.657639,0.153203,-0.006415,-0.836881,0.525470
1718187232958250240.000000000,254.227209,13.893671,-4580.884594,0.159107,0.015172,-0.815091,0.556850
1718187233024932096.000000000,253.992901,15.565406,-4600.197126,0.153053,0.016268,-0.792959,0.589513
1718187233091615232.000000000,252.861261,17.161609,-4619.645523,0.148361,0.006672,-0.774328,0.615110
1718187233158298112.000000000,252.463762,18.922046,-4639.009062,0.143869,0.015346,-0.751862,0.643250
1718187233258322432.000000000,250.361998,21.309828,-4668.247719,0.153289,0.020457,-0.709145,0.687893
1718187233325005568.000000000,249.694009,22.912092,-4687.751564,0.164274,0.021322,-0.686068,0.708428
1718187233391688704.000000000,246.518877,23.921775,-4707.434581,0.165001,0.030693,-0.662801,0.729745
1718187233458370560.000000000,243.972523,24.540936,-4727.109352,0.172826,0.041045,-0.632958,0.753532
1718187233525053696.000000000,241.638704,25.080344,-4746.830406,0.170131,0.045989,-0.599410,0.780800
1718187233591736064.000000000,240.410281,26.475465,-4766.527377,0.169125,0.054722,-0.561729,0.807999
1718187233658418176.000000000,238.567249,27.147682,-4786.350449,0.178795,0.046656,-0.530690,0.827178
1718187233725100544.000000000,237.175624,28.484184,-4806.106003,0.177477,0.053624,-0.502307,0.844580
1718187233791782912.000000000,235.145215,28.809913,-4825.910733,0.174125,0.053848,-0.467874,0.864798
1718187233858465280.000000000,233.593989,30.031055,-4845.698504,0.170594,0.053261,-0.431820,0.884077
1718187233925146624.000000000,231.435622,30.010607,-4865.650492,0.175630,0.040863,-0.406223,0.895805
1718187233991828992.000000000,228.765863,29.319044,-4885.670863,0.178570,0.034794,-0.378552,0.907525
1718187234058511104.000000000,226.228688,28.433688,-4905.797811,0.168972,0.026788,-0.345037,0.922865
1718187234125193472.000000000,223.789048,26.897625,-4925.953707,0.166928,0.031692,-0.308594,0.935895
1718187234191875584.000000000,221.756668,25.992426,-4946.130584,0.160321,0.040844,-0.275584,0.946933
1718187234258557696.000000000,219.710958,24.777080,-4966.310640,0.160380,0.052325,-0.239495,0.956129
1718187234325239296.000000000,217.927223,22.663132,-4986.635822,0.160834,0.059901,-0.201461,0.964343
1718187234391921408.000000000,216.453708,20.458718,-5006.948579,0.155938,0.083110,-0.162006,0.970840
1718187234458603776.000000000,215.310149,18.389003,-5027.381697,0.154015,0.098098,-0.123481,0.975402
1718187234525285888.000000000,214.140697,16.555181,-5047.829170,0.152684,0.125165,-0.082665,0.976825
1718187234591967744.000000000,213.241297,14.363436,-5068.337099,0.157840,0.156447,-0.045621,0.973925
1718187234658649600.000000000,212.672779,12.079120,-5088.824839,0.143675,0.193325,-0.007333,0.970530
1718187234725331200.000000000,212.413376,9.769800,-5109.492744,0.176844,0.226254,0.037940,0.957129
1718187234825353216.000000000,211.770222,6.808807,-5140.393609,0.143059,0.257690,0.102083,0.950110
1718187234892035072.000000000,212.424521,4.117198,-5161.205376,0.176806,0.337562,0.144092,0.913252
1718187234958716672.000000000,212.806149,2.195479,-5182.143875,0.180961,0.302950,0.192484,0.915655
1718187235025398528.000000000,214.153675,-0.313149,-5202.692048,0.124212,0.430337,0.206066,0.870010
1718187235125421056.000000000,215.359394,-3.059608,-5234.814951,0.243814,0.391194,0.299766,0.835262
1718187235192102912.000000000,215.326341,-4.517995,-5254.997334,0.068365,0.500129,0.292987,0.812008
1718187235258783488.000000000,220.064210,-6.191768,-5277.031896,0.261779,0.553093,0.351982,0.708286
1718187235325465600.000000000,218.539200,-7.353431,-5297.370668,0.071947,0.459929,0.393138,0.792926
1718187235392147200.000000000,224.437797,-7.913604,-5319.052857,0.130962,0.707826,0.376501,0.583163
1718187235458829056.000000000,222.541360,-8.708391,-5340.670996,0.229179,0.439210,0.525742,0.691496
1718187235592192768.000000000,231.166559,-8.485621,-5382.042499,-0.171308,0.700299,0.425982,0.546603
1718187235658873856.000000000,213.670787,-7.611057,-5406.147717,0.551708,0.417158,0.528635,0.492080
1718187235725555712.000000000,227.551029,-11.441912,-5424.164104,-0.300267,0.548307,0.471964,0.621650
1718187235792237824.000000000,217.562845,-9.440951,-5451.056398,0.548432,0.415692,0.540336,0.484209
1718187235858919424.000000000,230.870039,-9.749531,-5468.748077,-0.234357,0.626144,0.559510,0.489866
1718187235992283136.000000000,216.075785,-10.600392,-5515.272520,0.602786,0.372732,0.555669,0.434685
1718187236092304896.000000000,233.212728,-11.600027,-5545.105658,-0.170269,0.619551,0.646019,0.412097
1718187236158986752.000000000,219.109817,-12.062927,-5570.596535,0.624125,0.298743,0.609894,0.386329
1718187236225668352.000000000,220.717270,-14.498511,-5591.694724,0.524127,0.432950,0.577356,0.452222
1718187236292349952.000000000,222.722719,-14.201737,-5614.440222,0.570675,0.175863,0.734027,0.323430
1718187236359031808.000000000,237.668725,-11.069506,-5633.948662,-0.164940,0.734749,0.627143,0.199073
1718187236425713664.000000000,240.746446,2.629446,-5656.298181,-0.418525,0.657554,0.624454,-0.050165
1718187236492395264.000000000,218.523763,-7.633573,-5678.890997,0.250736,0.397762,0.804813,0.362206
1718187236559076608.000000000,219.712915,-20.440114,-5704.316333,0.653535,0.357434,0.531763,0.402941
1718187236625760256.000000000,219.880832,-21.188114,-5726.940049,0.660451,0.336752,0.548249,0.387074
1718187236692443648.000000000,225.695064,-21.107792,-5747.752734,0.268004,0.382594,0.827545,0.311394
1718187236759127040.000000000,227.065178,-22.203871,-5770.438985,0.267073,0.362838,0.847538,0.280536
1718187236859152640.000000000,223.457390,-22.540294,-5807.264576,0.655845,0.225395,0.676292,0.248382
1718187236925836032.000000000,220.225104,-22.546876,-5830.371758,0.688175,0.186725,0.666067,0.218870
1718187236992518912.000000000,225.911634,-25.364165,-5851.238960,0.346216,0.367040,0.828043,0.244461
1718187237092544000.000000000,223.587566,-23.069905,-5887.149168,0.636653,0.104991,0.756857,0.104010
1718187237192569600.000000000,224.406917,-24.086521,-5921.899159,0.647495,0.066386,0.756520,0.063419
1718187237259253248.000000000,228.243932,-28.309916,-5944.995885,0.426871,0.304078,0.836541,0.159740
1718187237325936896.000000000,229.551824,-28.967190,-5968.469594,0.431225,0.286047,0.845894,0.129177
1718187237392620288.000000000,229.961292,-24.270087,-5991.580951,0.616110,-0.001873,0.786470,-0.043247
1718187237459303168.000000000,230.885523,-24.676089,-6015.011693,0.625986,-0.025527,0.776896,-0.062629
1718187237525986816.000000000,231.924452,-24.896751,-6038.547746,0.632123,-0.044572,0.769623,-0.078191
1718187237592669440.000000000,234.350273,-28.202683,-6064.177193,0.462718,0.170435,0.867372,0.067157
1718187237659351808.000000000,235.490730,-28.436066,-6088.007911,0.465981,0.145857,0.872006,0.034532
1718187237726034176.000000000,233.304037,-23.291973,-6109.230022,0.631629,-0.112325,0.746815,-0.175203
1718187237792716800.000000000,234.089969,-23.319913,-6132.745820,0.629678,-0.133582,0.739327,-0.197630
1718187237859399168.000000000,234.772606,-23.115644,-6156.209137,0.624502,-0.162047,0.730411,-0.224138
1718187237959421952.000000000,237.751083,-25.114690,-6195.540717,0.413452,0.068179,0.904650,-0.077566
1718187238026104320.000000000,237.723755,-25.289265,-6219.607674,0.418073,0.025960,0.901181,-0.111417
1718187238126127872.000000000,234.354830,-20.944483,-6251.815898,0.604048,-0.228449,0.693792,-0.318731
1718187238192810496.000000000,235.884807,-22.375421,-6279.294191,0.365089,-0.068320,0.911632,-0.175981
1718187238292834304.000000000,231.530614,-20.188032,-6312.828289,0.613980,-0.262499,0.637890,-0.383692
1718187238359515648.000000000,233.722983,-20.719487,-6338.627567,0.194810,-0.219450,0.931833,-0.213490
1718187238426198016.000000000,226.046392,-21.866905,-6361.940627,-0.731317,0.007578,-0.398467,0.553482
1718187238526221824.000000000,228.124923,-16.702824,-6400.253852,0.036304,-0.283987,0.945052,0.157826
1718187238592905216.000000000,229.155535,-16.922205,-6422.729643,-0.178303,-0.530654,0.777424,0.286753
1718187238659589376.000000000,229.456134,-16.555256,-6446.905282,-0.149850,-0.541888,0.788486,0.249382
1718187238726273280.000000000,229.652525,-16.162110,-6470.875735,-0.160383,-0.533669,0.800085,0.222123
1718187238792956160.000000000,229.549807,-15.110187,-6494.327248,-0.224036,-0.530321,0.794660,0.192570
1718187238859639808.000000000,229.802159,-15.074267,-6518.374604,-0.240051,-0.534077,0.793427,0.166164
1718187238926323968.000000000,230.079149,-14.787372,-6542.446524,-0.251814,-0.527059,0.799069,0.142433
1718187238993007872.000000000,230.360154,-14.500040,-6566.536791,-0.265477,-0.523550,0.800495,0.120936
1718187239093033728.000000000,230.675973,-13.619239,-6602.532417,-0.302672,-0.512396,0.800467,0.071359
1718187239159717888.000000000,230.968228,-13.337120,-6626.694313,-0.323351,-0.503901,0.799086,0.054682
1718187239226400512.000000000,231.303874,-13.139030,-6650.917729,-0.336921,-0.502253,0.795404,0.039479
1718187239293084672.000000000,231.647229,-12.938322,-6675.148569,-0.352952,-0.499815,0.790793,0.016024
1718187239359768832.000000000,231.019877,-12.078547,-6698.681357,-0.409454,-0.484049,0.772749,-0.030052
1718187239459794944.000000000,231.549400,-11.568485,-6735.037852,-0.433047,-0.472886,0.764455,-0.066776
1718187239559820544.000000000,231.344798,-10.663290,-6771.009955,-0.460197,-0.456524,0.754271,-0.104310
1718187239626503936.000000000,231.383807,-10.382776,-6795.154779,-0.474051,-0.444098,0.749071,-0.130174
1718187239693186304.000000000,231.313481,-9.864487,-6819.282921,-0.488212,-0.427595,0.743698,-0.160391
1718187239759869440.000000000,231.206682,-9.330497,-6843.434785,-0.498453,-0.410209,0.740146,-0.188300
1718187239826552576.000000000,232.029306,-9.092945,-6868.141828,-0.488930,-0.400507,0.746082,-0.209532
1718187239893236224.000000000,231.829867,-8.514535,-6892.399613,-0.504106,-0.382050,0.735012,-0.244279
1718187239959919360.000000000,231.833901,-7.960740,-6916.740201,-0.512102,-0.371829,0.725370,-0.270803
1718187240059944448.000000000,231.790063,-7.057111,-6953.295235,-0.524417,-0.360666,0.707416,-0.307358
1718187240126626816.000000000,231.293171,-6.348193,-6977.567963,-0.540402,-0.343188,0.690322,-0.337110
1718187240193309952.000000000,231.043517,-5.688884,-7001.966179,-0.556959,-0.331283,0.671802,-0.358791
1718187240259993344.000000000,230.762203,-5.034986,-7026.409111,-0.574215,-0.320177,0.650370,-0.380502
1718187240360018432.000000000,230.351668,-3.880448,-7063.188184,-0.600079,-0.304737,0.609915,-0.418383
1718187240426702080.000000000,229.775552,-3.288081,-7087.682515,0.614905,0.295954,-0.589855,0.431711
1718187240493385216.000000000,228.780133,-2.529948,-7112.136048,0.631331,0.287621,-0.561513,0.450997
1718187240560067328.000000000,228.546702,-2.291866,-7136.764642,0.644757,0.279613,-0.532835,0.471372
1718187240660091392.000000000,227.775668,-1.207445,-7173.872812,0.670301,0.262643,-0.488479,0.493056
1718187240760114944.000000000,226.616134,-0.068878,-7211.106296,0.697660,0.255589,-0.433726,0.509732
1718187240826797824.000000000,225.502453,0.561868,-7235.980741,0.719778,0.254321,-0.383076,0.520089
1718187240926821120.000000000,224.362008,1.689492,-7273.467989,0.747498,0.259206,-0.309898,0.527278
1718187240993502976.000000000,222.516151,2.376846,-7298.526308,0.767365,0.261679,-0.246058,0.531160
1718187241060185088.000000000,219.927547,1.256686,-7323.657588,0.749505,0.350271,-0.145032,0.542696
1718187241160209152.000000000,217.912519,1.500673,-7361.565595,0.762624,0.361798,-0.052054,0.533664
1718187241260233216.000000000,216.363164,2.883629,-7399.698267,0.787596,0.335388,0.018836,0.516578
1718187241326915584.000000000,215.399505,3.694925,-7425.155819,0.800160,0.320896,0.066384,0.502358
1718187241426938624.000000000,213.666665,4.530468,-7463.522109,0.803680,0.305535,0.142980,0.490207
1718187241493620992.000000000,212.435430,5.064109,-7489.231959,0.807275,0.293004,0.187890,0.476607
1718187241593645056.000000000,210.687417,6.043513,-7527.933570,0.807808,0.275915,0.245181,0.459569
1718187241660327936.000000000,209.499750,6.589817,-7553.850739,0.808687,0.254756,0.288421,0.444902
1718187241727010816.000000000,208.189084,7.341536,-7580.066154,0.797773,0.245410,0.333455,0.438337
1718187241793693184.000000000,207.178322,7.891037,-7605.973194,0.808365,0.203325,0.363559,0.415968
1718187241893716736.000000000,205.666479,9.207522,-7645.213766,0.808117,0.170572,0.397323,0.399984
1718187241960399616.000000000,204.459467,10.335293,-7672.112047,0.775818,0.171081,0.446716,0.411439
1718187242027082496.000000000,203.818652,11.649452,-7698.844031,0.761483,0.132151,0.490465,0.402647
1718187242093765120.000000000,203.140459,12.346289,-7725.049001,0.775645,0.082922,0.504574,0.370006
1718187242160448000.000000000,202.364991,13.253594,-7751.632266,0.771291,0.062875,0.517304,0.365450
1718187242227130880.000000000,201.726639,14.297548,-7778.326023,0.765249,0.036033,0.537014,0.353144
1718187242293813760.000000000,201.133967,15.322214,-7805.076009,0.757264,0.003080,0.558708,0.338211
1718187242360495616.000000000,200.654681,16.470768,-7831.958286,0.747294,-0.026629,0.578096,0.326569
1718187242427178496.000000000,200.310232,17.694852,-7858.998883,0.734274,-0.050600,0.597939,0.317413
1718187242493861632.000000000,200.075577,18.838539,-7886.009972,0.720375,-0.077209,0.619722,0.301734
1718187242560544256.000000000,199.742526,19.994679,-7913.049461,0.710034,-0.104528,0.634574,0.286778
1718187242627226624.000000000,199.087728,20.829863,-7939.859787,0.708694,-0.128099,0.643808,0.258565
1718187242727250176.000000000,198.444621,22.641439,-7980.515081,0.689333,-0.179976,0.662160,0.232320
1718187242827272448.000000000,197.899302,24.584762,-8021.322020,0.666384,-0.228281,0.679997,0.203528
1718187242927296000.000000000,197.424866,26.519315,-8062.189157,0.649639,-0.265644,0.690900,0.173377
1718187242993978368.000000000,196.977088,27.534448,-8089.289662,0.640957,-0.295911,0.692332,0.149291
1718187243060660480.000000000,196.894509,28.909335,-8116.652097,0.627151,-0.323870,0.696875,0.127105
1718187243160683776.000000000,196.683340,31.062792,-8157.697048,0.610823,-0.357333,0.700341,0.093447
1718187243227365376.000000000,195.584868,31.869155,-8184.530225,0.608473,-0.385306,0.691572,0.055032
1718187243294047488.000000000,195.380676,33.305303,-8211.889383,0.594274,-0.416124,0.687414,0.033770
1718187243360729600.000000000,195.121547,34.467408,-8239.219331,0.583473,-0.441076,0.681895,0.005525
1718187243427411968.000000000,195.365080,36.096404,-8266.705206,0.567455,-0.457913,0.683918,-0.023808
1718187243527435520.000000000,195.531414,38.105932,-8307.855404,0.540627,-0.495696,0.678171,-0.045734
1718187243594118144.000000000,195.496998,39.540115,-8335.299531,0.516542,-0.523979,0.673587,-0.070087
1718187243694141184.000000000,195.911983,41.860403,-8376.601508,0.485766,-0.551844,0.671937,-0.089450
1718187243760823808.000000000,196.497311,43.442070,-8404.194661,0.455838,-0.576601,0.669725,-0.105885
1718187243860847616.000000000,197.238554,45.828772,-8445.547704,0.411528,-0.614950,0.659982,-0.130020
1718187243927530240.000000000,197.944414,47.387647,-8473.170113,0.380103,-0.630850,0.660553,-0.145670
1718187243994212864.000000000,198.950684,49.045793,-8500.808177,-0.344606,0.655435,-0.655310,0.149068
1718187244094235904.000000000,195.533800,51.132270,-8542.181952,-0.358170,0.653001,-0.630567,0.218377
1718187244160918528.000000000,191.853190,52.017041,-8569.801051,-0.371436,0.648211,-0.605924,0.273337
1718187244260942336.000000000,190.706349,54.262611,-8611.181667,-0.327620,0.674589,-0.578228,0.321321
1718187244360966144.000000000,189.989127,56.601179,-8652.581380,-0.291150,0.691465,-0.559915,0.351572
1718187244427649024.000000000,189.529729,58.230806,-8680.204625,-0.270231,0.699247,-0.544268,0.376564
1718187244527672832.000000000,189.131995,60.680732,-8721.672001,-0.234313,0.705375,-0.522670,0.417565
1718187244627695616.000000000,188.758700,63.088991,-8763.189928,-0.210816,0.716867,-0.499342,0.438538
1718187244694377728.000000000,188.294729,64.905494,-8790.919608,-0.183315,0.720075,-0.480604,0.465734
1718187244761059840.000000000,187.956217,66.695455,-8818.636850,-0.163471,0.730369,-0.461837,0.475968
1718187244827742208.000000000,187.685504,68.471977,-8846.361016,-0.138390,0.741423,-0.443584,0.484121
1718187244894424320.000000000,187.513797,70.174776,-8874.102356,-0.111848,0.749220,-0.426161,0.494517
1718187244961106688.000000000,187.338081,72.063968,-8901.811440,-0.086690,0.757294,-0.406759,0.503525
1718187245061128960.000000000,187.093748,74.513283,-8943.448000,-0.047413,0.769949,-0.371037,0.516975
1718187245127811072.000000000,187.047402,76.314790,-8971.355172,-0.019195,0.775247,-0.357510,0.520394
1718187245194493184.000000000,187.129843,78.205383,-8999.237116,0.009782,0.781254,-0.344893,0.520187
1718187245261175552.000000000,187.177984,80.074411,-9027.137316,0.037023,0.787833,-0.321330,0.524114
1718187245327857664.000000000,187.255806,81.909657,-9055.067835,0.069775,0.792956,-0.290943,0.530759
1718187245394540032.000000000,187.230459,83.549119,-9082.987054,0.106872,0.798447,-0.261391,0.531728
1718187245494562048.000000000,187.095991,85.854293,-9124.917354,0.151693,0.803985,-0.212130,0.534414
1718187245561244672.000000000,187.215870,87.528375,-9152.965261,0.179781,0.802529,-0.192911,0.535175
1718187245627927296.000000000,186.983225,89.044859,-9181.037359,0.208559,0.798361,-0.166238,0.539897
1718187245694609920.000000000,186.766078,90.353657,-9209.110010,0.233567,0.791809,-0.141894,0.546216
1718187245761292544.000000000,186.517150,91.638939,-9237.238254,0.248499,0.789170,-0.124109,0.547774
1718187245827974912.000000000,186.288166,92.904690,-9265.420779,0.276361,0.778786,-0.108158,0.552647
1718187245894656768.000000000,186.052841,94.135276,-9293.660125,0.300245,0.771268,-0.074330,0.556303
1718187245961339392.000000000,185.800814,95.338930,-9321.958741,0.333510,0.762646,-0.047857,0.552134
1718187246028022016.000000000,185.539084,96.515787,-9350.316766,0.354468,0.759365,-0.025167,0.545054
1718187246094704640.000000000,185.280505,97.668816,-9378.737452,0.375458,0.753220,0.013426,0.539917
1718187246194728704.000000000,184.730775,99.286295,-9421.469874,0.411495,0.734510,0.047020,0.537547
1718187246261411072.000000000,184.368059,100.352318,-9450.043722,0.428363,0.724229,0.066817,0.536220
1718187246328092672.000000000,184.027191,101.427457,-9478.682878,0.453821,0.708006,0.092392,0.533140
1718187246394775040.000000000,183.804905,102.490956,-9507.412222,0.481565,0.697493,0.113360,0.518408
1718187246461457664.000000000,183.406839,103.498821,-9536.212764,0.499003,0.690841,0.142332,0.503464
1718187246528140288.000000000,183.033588,104.495019,-9565.088250,0.519468,0.676881,0.176498,0.490748
1718187246594822912.000000000,182.584926,105.467545,-9594.043307,0.540932,0.661405,0.204541,0.477596
1718187246661505792.000000000,182.108679,106.430769,-9623.080724,0.557170,0.650662,0.239094,0.457203
1718187246728188160.000000000,181.587745,107.392668,-9652.198310,0.577582,0.634671,0.273104,0.434748
1718187246794870016.000000000,181.060017,108.346668,-9681.396507,0.591156,0.619242,0.304444,0.417598
1718187246861552384.000000000,180.484058,109.306186,-9710.677954,0.600991,0.606649,0.335379,0.397879
1718187246928235008.000000000,179.767434,110.200349,-9740.042350,0.612111,0.592305,0.370027,0.370912
1718187246994917632.000000000,179.136193,111.163360,-9769.490404,0.618415,0.581169,0.407000,0.337870
1718187247061600512.000000000,178.493931,112.136506,-9799.019312,0.618881,0.569574,0.443408,0.309777
1718187247128283136.000000000,177.834105,113.125998,-9828.629619,0.619012,0.555859,0.480193,0.277956
1718187247228305664.000000000,176.819388,114.635617,-9873.183977,0.612188,0.535013,0.531989,0.236590
1718187247294988288.000000000,176.150843,115.701121,-9903.031340,0.605776,0.517317,0.568635,0.205115
1718187247361670912.000000000,175.411927,116.757152,-9932.891846,0.604325,0.497960,0.599238,0.166556
1718187247461694720.000000000,174.307103,118.352884,-9977.834441,0.594090,0.472523,0.641522,0.110579
1718187247561718528.000000000,173.158863,119.967623,-10022.888002,0.589349,0.435524,0.678150,0.055675
1718187247661741056.000000000,172.009300,121.741996,-10068.164005,0.584460,0.396797,0.707782,0.001939
1718187247728423424.000000000,171.255091,123.028877,-10098.483197,0.579994,0.372084,0.724160,-0.027439
1718187247795105792.000000000,170.432416,124.297931,-10128.823582,0.577446,0.347330,0.736350,-0.060887
1718187247861787904.000000000,169.657689,125.610678,-10159.270623,0.574807,0.325661,0.745406,-0.088945
1718187247928470016.000000000,168.704953,126.887272,-10189.658056,0.574271,0.296074,0.753079,-0.124195
1718187247995152384.000000000,167.772743,128.264970,-10220.120086,0.575023,0.263109,0.759150,-0.154319
1718187248061834752.000000000,167.331205,129.924418,-10250.989319,0.567360,0.242621,0.768098,-0.171064
1718187248128516096.000000000,166.695227,131.586541,-10281.881396,0.566008,0.225251,0.770384,-0.188162
1718187248195198208.000000000,165.665899,133.070646,-10312.536430,0.573178,0.197091,0.764154,-0.220662
1718187248261880576.000000000,164.352577,134.392668,-10342.995716,0.584270,0.162498,0.752108,-0.257986
1718187248328562688.000000000,163.329356,135.883151,-10373.694274,0.587729,0.133680,0.745981,-0.283225
1718187248395245056.000000000,162.342444,137.440847,-10404.464221,0.591249,0.103205,0.738731,-0.306674
1718187248461927424.000000000,161.689384,139.368956,-10435.336900,0.588753,0.071978,0.737285,-0.323419
1718187248528609536.000000000,160.582055,140.928822,-10466.087219,0.588974,0.044259,0.728305,-0.347452
1718187248628631808.000000000,158.991354,143.454363,-10512.324270,0.591822,0.000064,0.709041,-0.383416
1718187248695314176.000000000,158.025069,145.218919,-10543.255303,0.589174,-0.026970,0.699360,-0.403784
1718187248761996288.000000000,156.956398,146.961506,-10574.145142,0.586210,-0.053452,0.687582,-0.425125
1718187248828678400.000000000,155.888295,148.774167,-10605.137487,0.582511,-0.076580,0.675591,-0.445414
1718187248895360768.000000000,154.696166,150.507742,-10635.975833,0.578133,-0.105766,0.659386,-0.468813
1718187248962042880.000000000,153.578207,152.317237,-10666.886609,0.574397,-0.136238,0.642212,-0.488949
1718187249062064896.000000000,151.805396,155.094296,-10713.210425,-0.567298,0.178646,-0.610659,0.522834
1718187249128747008.000000000,150.801560,157.008421,-10744.258799,-0.561518,0.202465,-0.594349,0.538939
1718187249195429120.000000000,149.645729,158.849678,-10775.187217,-0.557040,0.224678,-0.573828,0.556730
1718187249262111488.000000000,148.569237,160.749051,-10806.198346,-0.550655,0.245982,-0.554053,0.573845
1718187249328793600.000000000,147.256763,162.513768,-10836.943205,-0.543756,0.271838,-0.527224,0.593690
1718187249428815616.000000000,145.397852,165.392207,-10883.200541,-0.532988,0.305292,-0.487406,0.620609
1718187249495497728.000000000,144.496204,167.415554,-10914.328988,-0.522769,0.322570,-0.465644,0.637053
1718187249562180096.000000000,143.322751,169.229724,-10945.155351,-0.514676,0.348695,-0.435992,0.650716
1718187249628862720.000000000,142.167588,171.070747,-10976.010702,-0.504756,0.371855,-0.406016,0.664903
1718187249728886528.000000000,140.238190,173.711764,-11022.374930,-0.485221,0.400381,-0.364624,0.686516
1718187249828910848.000000000,138.547125,176.610306,-11068.439964,-0.470526,0.439910,-0.319717,0.694885
1718187249895592704.000000000,137.599044,178.495568,-11099.834400,-0.452194,0.451336,-0.303135,0.707054
1718187249962275584.000000000,136.916502,180.440973,-11130.493071,-0.437642,0.477954,-0.278603,0.708809
1718187250028958208.000000000,137.709365,182.847368,-11160.597592,-0.406912,0.520494,-0.255136,0.705984
1718187250128982016.000000000,140.510367,187.067786,-11205.542499,-0.350139,0.575543,-0.241709,0.698377
1718187250195665152.000000000,140.012468,188.261057,-11236.556390,-0.324662,0.593560,-0.225407,0.701051
1718187250262347776.000000000,136.182034,189.415910,-11267.948168,-0.330759,0.602882,-0.175808,0.704432
1718187250329029632.000000000,134.193104,191.497636,-11299.198438,-0.316396,0.609742,-0.149898,0.711083
1718187250395712256.000000000,132.288024,193.761420,-11331.083878,-0.310003,0.611369,-0.127924,0.716772
1718187250462394880.000000000,131.357713,195.496127,-11362.133258,-0.283434,0.627265,-0.092990,0.719414
1718187250529077760.000000000,130.791442,196.607760,-11392.245477,-0.257673,0.657999,-0.056527,0.705299
1718187250629101312.000000000,129.534939,199.059207,-11438.855091,-0.227680,0.670292,-0.015703,0.706133
1718187250695783680.000000000,128.481007,200.287561,-11469.777668,-0.198497,0.677917,0.021687,0.707501
1718187250762465024.000000000,127.525007,201.577739,-11500.763328,-0.173025,0.683731,0.052558,0.706974
1718187250829147136.000000000,126.662072,203.964206,-11532.726855,-0.157533,0.672660,0.062026,0.720323
1718187250895829760.000000000,125.784395,205.790286,-11564.296673,-0.151733,0.672259,0.093479,0.718545
1718187250995853056.000000000,124.489284,207.903662,-11611.310712,-0.117040,0.679820,0.136151,0.711062
1718187251062535168.000000000,123.657471,209.288673,-11642.726960,-0.099184,0.686697,0.168380,0.700184
1718187251129217280.000000000,122.846814,210.625304,-11674.186127,-0.075412,0.690760,0.200991,0.690483
1718187251229239808.000000000,121.669111,212.380173,-11721.325496,-0.044055,0.698192,0.241947,0.672346
1718187251295921920.000000000,120.978137,213.702580,-11752.952645,-0.022950,0.701192,0.269520,0.659668
1718187251395944960.000000000,119.877920,215.278368,-11800.293810,0.016749,0.707600,0.315295,0.632148
1718187251462627072.000000000,118.932144,215.922387,-11831.864290,0.036789,0.716807,0.339890,0.607708
1718187251529309184.000000000,119.086436,218.167877,-11863.952750,0.058066,0.708204,0.345494,0.612952
1718187251629331456.000000000,118.861268,220.975555,-11912.085126,0.089198,0.702698,0.362553,0.605652
1718187251696011520.000000000,118.440917,222.273447,-11944.096495,0.110691,0.692064,0.400991,0.589916
1718187251796033024.000000000,115.238456,221.502456,-11991.867432,0.113151,0.704884,0.475402,0.514128
1718187251862713856.000000000,115.575869,223.119611,-12024.051620,0.151229,0.691384,0.486377,0.512402
1718187251929394944.000000000,115.166896,224.237780,-12056.308064,0.188933,0.674230,0.513132,0.496401
1718187251996075776.000000000,113.563228,224.701717,-12088.666476,0.189852,0.671333,0.544231,0.465920
1718187252062756864.000000000,112.892126,225.637871,-12121.083436,0.212966,0.666079,0.557333,0.447621
1718187252129436672.000000000,112.396683,226.634899,-12153.584631,0.241479,0.652554,0.574880,0.430551
1718187252196117760.000000000,111.891414,227.603430,-12186.166873,0.259617,0.639052,0.595214,0.412229
1718187252262798592.000000000,111.354773,228.540528,-12218.828037,0.272308,0.624785,0.614276,0.397690
1718187252329479424.000000000,110.826094,229.503255,-12251.586692,0.288658,0.610761,0.630545,0.382178
1718187252396160256.000000000,110.299274,230.410554,-12284.420117,0.309506,0.600328,0.643407,0.360333
1718187252462841088.000000000,109.839615,231.396856,-12317.342222,0.324987,0.586828,0.658674,0.340829
1718187252529521920.000000000,109.181237,232.450004,-12350.383729,0.339752,0.570029,0.679736,0.312401
1718187252629544192.000000000,108.699806,233.800862,-12400.000983,0.370034,0.540916,0.706354,0.267488
1718187252696226816.000000000,107.938324,234.809251,-12433.255249,0.375394,0.522130,0.726373,0.242572
1718187252762909696.000000000,107.665471,235.780207,-12466.515935,0.394822,0.506167,0.736705,0.212548
1718187252829592320.000000000,107.231842,236.872368,-12499.899606,0.406098,0.488469,0.750420,0.182628
1718187252929616384.000000000,106.613194,238.464313,-12550.102590,0.416466,0.461436,0.772182,0.131787
1718187252996297984.000000000,106.044313,239.659408,-12583.697858,0.418845,0.442094,0.786853,0.099925
1718187253096322304.000000000,105.275952,241.388172,-12634.189257,0.409825,0.418739,0.809008,0.046979
1718187253163004928.000000000,104.698516,242.589639,-12667.939406,0.395138,0.402275,0.825827,0.007159
1718187253263028992.000000000,103.842376,244.358259,-12718.661253,0.367096,0.372504,0.850195,-0.060405
1718187253396394496.000000000,102.720245,246.863257,-12786.499318,0.305427,0.329010,0.881405,-0.146942
1718187253463076096.000000000,102.061851,248.207395,-12820.524580,0.271426,0.305225,0.892543,-0.191134
1718187253563100416.000000000,101.037801,250.282458,-12871.660550,0.213804,0.268727,0.905038,-0.250957
1718187253629782784.000000000,100.278262,251.790195,-12905.840869,0.177018,0.242602,0.907480,-0.293751
1718187253729806080.000000000,99.141268,254.005593,-12957.181431,0.127253,0.208696,0.903296,-0.352574
1718187253796488448.000000000,98.038152,255.392555,-12991.399027,0.108118,0.179615,0.895453,-0.392700
1718187253863170560.000000000,97.353830,257.022070,-13025.774154,0.075104,0.164319,0.885972,-0.427098
1718187253929851904.000000000,96.644011,258.738709,-13060.216816,0.049865,0.154126,0.870072,-0.465546
1718187254029875456.000000000,95.240923,261.099105,-13111.866430,-0.031138,-0.131245,-0.844156,0.518850
1718187254096557824.000000000,94.288291,262.762906,-13146.400662,-0.019782,-0.123268,-0.827829,0.546911
1718187254196581376.000000000,92.777726,265.252574,-13198.242192,-0.020217,-0.107965,-0.794544,0.597189
1718187254296604416.000000000,91.172961,267.713940,-13250.167880,-0.029022,-0.098373,-0.760022,0.641754
1718187254363285760.000000000,90.040617,269.431557,-13284.855779,-0.024435,-0.092178,-0.737863,0.668179
1718187254429968128.000000000,88.885260,271.114147,-13319.562453,-0.029777,-0.072970,-0.711359,0.698396
1718187254529991424.000000000,87.073254,273.619126,-13371.693244,-0.031202,-0.055272,-0.674064,0.735941
1718187254596674048.000000000,85.762937,275.328552,-13406.517327,-0.020385,-0.046214,-0.652340,0.756242
1718187254663357184.000000000,84.405839,276.994945,-13441.363693,-0.010074,-0.031119,-0.625003,0.779937
1718187254730040320.000000000,82.947007,278.759628,-13476.389742,0.003774,-0.021128,-0.594979,0.803454
1718187254796722176.000000000,81.491003,280.423074,-13511.323928,0.015325,-0.002448,-0.568677,0.822415
1718187254863405312.000000000,80.002769,282.044802,-13546.290852,0.019985,0.013238,-0.542907,0.839451
1718187254930088192.000000000,78.482202,283.651714,-13581.291173,0.021992,0.022155,-0.512954,0.857848
1718187255030113024.000000000,76.156567,286.023520,-13633.853843,0.020683,0.035319,-0.467082,0.883266
1718187255096796160.000000000,74.558224,287.558738,-13668.933590,0.020916,0.042355,-0.439594,0.896954
1718187255163479296.000000000,72.927554,289.065358,-13704.048110,0.017416,0.043298,-0.408129,0.911731
1718187255230161408.000000000,71.244319,290.549113,-13739.209456,0.014167,0.045235,-0.372295,0.926903
1718187255330186240.000000000,68.746073,292.699157,-13791.996929,0.010465,0.044597,-0.310849,0.949355
1718187255396869376.000000000,67.030134,294.084202,-13827.239023,0.007015,0.049603,-0.280416,0.958570
1718187255463552512.000000000,65.272735,295.418939,-13862.518027,0.007559,0.049741,-0.243681,0.968550
1718187255563577088.000000000,62.711591,297.355426,-13915.445850,0.007951,0.048801,-0.186032,0.981299
1718187255630259968.000000000,60.940895,298.607493,-13950.810961,0.000378,0.049856,-0.148057,0.987721
1718187255696941568.000000000,59.179034,299.811323,-13986.185052,-0.008023,0.053779,-0.104654,0.993021
1718187255763624192.000000000,57.410410,300.978403,-14021.597988,-0.015459,0.057211,-0.062785,0.996266
1718187255863648256.000000000,54.741139,302.668564,-14074.798400,-0.029883,0.065342,-0.009332,0.997372
1718187255930330880.000000000,52.973457,303.733191,-14110.285138,-0.044674,0.074339,0.029387,0.995798
1718187255997013248.000000000,51.128124,304.733719,-14145.823090,-0.056455,0.081033,0.071482,0.992541
1718187256097036544.000000000,48.449310,306.173285,-14199.170788,-0.061083,0.093789,0.137173,0.984203
1718187256163719168.000000000,46.622186,307.068602,-14234.785752,-0.062091,0.105331,0.179387,0.976151
1718187256230401792.000000000,44.826514,307.962005,-14270.479101,-0.059573,0.115265,0.217011,0.967508
1718187256297084928.000000000,43.043708,308.800770,-14306.189538,-0.058837,0.123454,0.246576,0.959426
1718187256397108480.000000000,40.536958,309.976429,-14359.724546,-0.063634,0.123653,0.304918,0.942171
1718187256463791360.000000000,38.824870,310.766464,-14395.528624,-0.074036,0.124683,0.340666,0.928935
1718187256530474240.000000000,37.154180,311.510507,-14431.355770,-0.075887,0.126111,0.378362,0.913881
1718187256597155840.000000000,35.563316,312.156860,-14467.149973,-0.075054,0.134061,0.416697,0.895968
1718187256663838720.000000000,33.984385,312.889291,-14503.071012,-0.073166,0.136279,0.449619,0.879726
1718187256730521344.000000000,32.444829,313.555740,-14539.010634,-0.065418,0.137000,0.485555,0.860922
1718187256797204224.000000000,30.976048,314.191910,-14574.950952,-0.069330,0.133024,0.517559,0.842396
1718187256897228800.000000000,28.863483,315.119490,-14628.936960,-0.067632,0.133535,0.572401,0.806196
1718187256963911424.000000000,27.455640,315.712497,-14665.001870,-0.064956,0.131786,0.598570,0.787481
1718187257030593280.000000000,26.122074,316.291729,-14701.077641,-0.062025,0.136034,0.629158,0.762764
1718187257097276160.000000000,24.782678,316.865715,-14737.219382,-0.065325,0.134781,0.662005,0.734382
1718187257197300480.000000000,22.989468,317.694983,-14791.426744,-0.067823,0.129686,0.701975,0.697002
1718187257263983616.000000000,21.771335,318.283194,-14827.670392,-0.067582,0.133854,0.723295,0.674062
1718187257330666240.000000000,20.582152,318.823604,-14863.866766,-0.073893,0.134906,0.743018,0.651355
1718187257397349120.000000000,19.527647,319.353965,-14900.052090,-0.080063,0.137784,0.774756,0.611848
1718187257497372672.000000000,18.231510,320.127592,-14954.432844,-0.077104,0.138485,0.805555,0.570928
1718187257564055552.000000000,17.055660,320.838601,-14990.928732,-0.085998,0.128472,0.820742,0.549984
1718187257630739200.000000000,16.106641,321.452074,-15027.361611,-0.092344,0.128441,0.838712,0.521093
1718187257697423104.000000000,15.058624,322.128779,-15063.949577,-0.097707,0.117393,0.856090,0.493743
1718187257764107008.000000000,14.274289,322.718956,-15100.484486,-0.092353,0.119365,0.869448,0.470407
1718187257830790656.000000000,13.268513,323.469714,-15137.132912,-0.090457,0.116953,0.878600,0.454093
1718187257897473536.000000000,12.595528,324.103720,-15173.691887,-0.083489,0.114116,0.895486,0.422034
1718187257964157696.000000000,11.631284,324.873858,-15210.400009,-0.083873,0.109463,0.910552,0.389716
1718187258030841600.000000000,11.351857,325.387973,-15246.961029,-0.072294,0.114130,0.922104,0.362591
1718187258097525504.000000000,10.165987,326.409362,-15283.814714,-0.081208,0.106031,0.936595,0.323963
1718187258197551616.000000000,10.037860,327.305635,-15338.833064,-0.073072,0.109600,0.955647,0.263414
1718187258264235520.000000000,9.017142,328.364790,-15375.768220,-0.079114,0.100792,0.965214,0.227910
1718187258330918656.000000000,8.363192,329.296399,-15412.683359,-0.075959,0.101758,0.972256,0.196455
1718187258397602560.000000000,7.232683,330.458284,-15449.688734,-0.085677,0.092314,0.979763,0.155570
1718187258497628672.000000000,7.213921,331.680649,-15505.139972,-0.076976,0.089509,0.989301,0.085711
1718187258564312576.000000000,6.188510,332.943717,-15542.252994,-0.078636,0.084739,0.991934,0.051983
1718187258630997504.000000000,4.944940,334.330202,-15579.389924,-0.085961,0.077211,0.993212,0.013418
1718187258697682176.000000000,4.858190,335.252883,-15616.548318,-0.075528,0.073310,0.994083,-0.026855
1718187258764365824.000000000,4.298391,336.465218,-15653.768238,-0.072247,0.071954,0.993066,-0.058501
1718187258831050752.000000000,3.682683,337.731605,-15691.037160,-0.070946,0.068171,0.990578,-0.095263
1718187258897735680.000000000,2.495666,339.240536,-15728.301066,-0.078349,0.061165,0.985625,-0.136612
1718187258964420352.000000000,2.297021,340.399442,-15765.700217,-0.068801,0.059822,0.981410,-0.168884
1718187259031105280.000000000,1.693686,341.783178,-15803.118890,-0.063279,0.058289,0.975386,-0.203026
1718187259097789952.000000000,1.040923,343.205077,-15840.579748,-0.060637,0.052377,0.967478,-0.239931
1718187259164475136.000000000,0.325190,344.672863,-15878.082604,-0.059391,0.046255,0.957908,-0.277030
1718187259264501504.000000000,0.006605,346.667710,-15934.518058,-0.047045,0.040344,0.943227,-0.326317
1718187259331186432.000000000,-1.533499,348.508815,-15972.048614,-0.053255,0.035552,0.929460,-0.363324
1718187259397871616.000000000,-2.398279,350.070823,-16009.701733,-0.050893,0.030609,0.915267,-0.398447
1718187259464556544.000000000,-3.259137,351.671324,-16047.407981,-0.049163,0.026382,0.900928,-0.430367
1718187259564584192.000000000,-3.680470,353.808670,-16104.174854,-0.036708,0.016433,0.877506,-0.477877
1718187259631266304.000000000,-5.510610,355.807537,-16141.878630,0.042435,-0.014096,-0.857570,0.512420
1718187259697947392.000000000,-6.581179,357.477328,-16179.723971,0.040849,-0.009970,-0.838722,0.542933
1718187259764629504.000000000,-8.541847,359.538792,-16217.470044,0.047868,-0.008416,-0.816243,0.575661
1718187259831311616.000000000,-8.839114,360.896214,-16255.536360,0.037775,-0.001089,-0.796520,0.603429
1718187259897993728.000000000,-9.843804,362.582670,-16293.548707,0.034822,0.003390,-0.774381,0.631751
1718187259964676096.000000000,-10.957986,364.288334,-16331.591124,0.031417,0.008242,-0.750658,0.659892
1718187260064699136.000000000,-11.610606,366.500661,-16388.888755,0.018227,0.021127,-0.715187,0.698376
1718187260131379968.000000000,-13.951483,368.583529,-16426.874496,0.023613,0.021223,-0.686239,0.726683
1718187260198062080.000000000,-15.415380,370.295688,-16465.024838,0.021761,0.024802,-0.659385,0.751081
1718187260264744192.000000000,-16.757822,371.974423,-16503.244454,0.019659,0.029616,-0.631646,0.774442
1718187260331426560.000000000,-18.173705,373.655623,-16541.501396,0.017053,0.034852,-0.602695,0.797028
1718187260398108672.000000000,-19.687666,375.334625,-16579.790740,0.014840,0.038687,-0.572656,0.818748
1718187260464790528.000000000,-21.166757,376.972025,-16618.129096,0.011675,0.043881,-0.542730,0.838679
1718187260564812544.000000000,-22.027158,379.015898,-16675.864138,0.000433,0.057630,-0.497367,0.865624
1718187260631502080.000000000,-24.941754,380.972530,-16714.161693,0.004194,0.055358,-0.463139,0.884545
1718187260698191872.000000000,-26.748888,382.540678,-16752.612141,0.001776,0.059520,-0.430233,0.900752
1718187260798226688.000000000,-27.706585,384.446627,-16810.531364,-0.008733,0.073548,-0.381518,0.921389
1718187260864916480.000000000,-30.850823,386.268684,-16848.977552,-0.005963,0.070057,-0.344203,0.936259
1718187260931606528.000000000,-32.703733,387.705035,-16887.571137,-0.009060,0.074865,-0.310026,0.947733
1718187260998295296.000000000,-34.506871,389.104125,-16926.211882,-0.012212,0.079972,-0.275047,0.958021
1718187261064985600.000000000,-36.338815,390.464893,-16964.892098,-0.013838,0.083275,-0.238788,0.967396
1718187261165020672.000000000,-37.232202,392.081624,-17023.088510,-0.021693,0.098274,-0.187559,0.977084
1718187261231711232.000000000,-40.661412,393.632210,-17061.775189,-0.020399,0.094318,-0.148806,0.984147
1718187261298401536.000000000,-42.668494,394.855000,-17100.578367,-0.021667,0.097033,-0.112630,0.988650
1718187261365092096.000000000,-44.614416,396.029378,-17139.424915,-0.023757,0.099998,-0.075686,0.991820
1718187261431781888.000000000,-46.439946,397.139748,-17178.315475,-0.026964,0.103725,-0.038076,0.993511
1718187261498472448.000000000,-48.288466,398.208817,-17217.242857,-0.029750,0.106837,-0.001249,0.993831
1718187261565163008.000000000,-50.209759,399.243349,-17256.204690,-0.032149,0.109634,0.036260,0.992790
1718187261631845120.000000000,-52.053217,400.224938,-17295.202555,-0.035726,0.113221,0.072968,0.990243
1718187261698527488.000000000,-53.871225,401.161161,-17334.239531,-0.037953,0.116267,0.109622,0.986420
1718187261765209600.000000000,-55.750073,402.063308,-17373.312063,-0.040594,0.119211,0.145989,0.981238
1718187261831891712.000000000,-57.584573,402.922182,-17412.424196,-0.044624,0.122284,0.182134,0.974619
