1718187011033843456.000000000,-0.007327071,0.046545525,0.185059739,-0.718967000,-0.106918000,0.081258000,0.681947000
1718187011100526080.000000000,-0.007586226,0.046284421,0.184924225,-0.719175000,-0.107458000,0.080981000,0.681676000
1718187011167208448.000000000,-0.007708247,0.046886244,0.185140827,-0.719317000,-0.106931000,0.080891000,0.681620000
1718187011233891072.000000000,-0.007736403,0.046023225,0.185066892,-0.719059000,-0.107145000,0.080786000,0.681871000
1718187011300573184.000000000,-0.007836071,0.046000820,0.184830559,-0.719031000,-0.107533000,0.080713000,0.681848000
1718187011400595712.000000000,-0.008483542,0.046499598,0.184736174,-0.719157000,-0.107596000,0.080649000,0.681713000
1718187011467277568.000000000,-0.008101143,0.046495429,0.185777464,-0.719399000,-0.107788000,0.080343000,0.681463000
1718187011533959936.000000000,-0.008151464,0.046698389,0.186198372,-0.719767000,-0.107244000,0.080273000,0.681168000
1718187011600642304.000000000,-0.008404489,0.046491759,0.186190231,-0.720135000,-0.107718000,0.079471000,0.680799000
1718187011667324416.000000000,-0.008682306,0.046569445,0.186308420,-0.720622000,-0.107932000,0.079029000,0.680301000
1718187011734006784.000000000,-0.009610816,0.046614781,0.186415572,-0.722920000,-0.108038000,0.077618000,0.678004000
1718187011800687872.000000000,-0.010453521,0.049664064,0.185664072,-0.724256000,-0.109940000,0.078161000,0.676208000
1718187011867369984.000000000,-0.011514527,0.050249940,0.185810636,-0.725347000,-0.112659000,0.079182000,0.674471000
1718187011934052096.000000000,-0.011770568,0.050516079,0.184677127,-0.726306000,-0.119470000,0.079163000,0.672265000
1718187012000734464.000000000,-0.014003067,0.049182422,0.187277826,-0.730407000,-0.122862000,0.076855000,0.667460000
1718187012100757760.000000000,-0.026415302,0.045244798,0.213613574,-0.729000000,-0.113902000,0.086250000,0.669437000
1718187012167439872.000000000,-0.036495835,0.047272444,0.243681934,-0.721587000,-0.112062000,0.095600000,0.676473000
1718187012234120960.000000000,-0.048988068,0.045795352,0.279297795,-0.713717000,-0.115074000,0.102993000,0.683197000
1718187012300802304.000000000,-0.057857639,0.039922083,0.317215279,-0.702483000,-0.125078000,0.106360000,0.692503000
1718187012367484416.000000000,-0.065314092,0.033270591,0.356403248,-0.696492000,-0.133177000,0.105369000,0.697180000
1718187012434166016.000000000,-0.070901275,0.025776053,0.400034863,-0.696894000,-0.135192000,0.110886000,0.695533000
1718187012500847872.000000000,-0.072368690,0.019615890,0.450944051,-0.696612000,-0.135787000,0.105731000,0.696502000
1718187012600870400.000000000,-0.072180096,0.009733203,0.540765925,-0.692851000,-0.135667000,0.099856000,0.701128000
1718187012667550720.000000000,-0.069253425,-0.001628106,0.609357607,-0.692344000,-0.130582000,0.103861000,0.702012000
1718187012734232320.000000000,-0.071850554,-0.008689401,0.679213026,-0.693679000,-0.127238000,0.096487000,0.702360000
1718187012800913920.000000000,-0.073076055,-0.017373346,0.756441230,-0.689431000,-0.126545000,0.098375000,0.706394000
1718187012867595520.000000000,-0.075259770,-0.023131100,0.837182975,-0.689275000,-0.125695000,0.090413000,0.707761000
1718187012934277120.000000000,-0.075548339,-0.028226474,0.918400516,-0.686593000,-0.119115000,0.090551000,0.711479000
1718187013000958720.000000000,-0.077844482,-0.032309478,0.997678143,-0.690840000,-0.115864000,0.078804000,0.709300000
1718187013067640320.000000000,-0.076167719,-0.036580812,1.073911253,-0.685694000,-0.113660000,0.068910000,0.715651000
1718187013134320640.000000000,-0.076346076,-0.041732503,1.140857433,-0.687541000,-0.106411000,0.057412000,0.716008000
1718187013201002240.000000000,-0.077291552,-0.045553811,1.204981116,-0.690550000,-0.099436000,0.052012000,0.714526000
1718187013267682048.000000000,-0.074101823,-0.046753904,1.261619080,-0.690619000,-0.084802000,0.038165000,0.717215000
1718187013367699968.000000000,-0.066745209,-0.051575286,1.335235496,-0.682342000,-0.070173000,0.022131000,0.727320000
1718187013434378752.000000000,-0.063335016,-0.056084761,1.374322572,-0.681040000,-0.059875000,0.018129000,0.729569000
1718187013534396928.000000000,-0.048398415,-0.056978376,1.422298885,-0.664500000,-0.046566000,0.011975000,0.745740000
1718187013601074432.000000000,-0.039872108,-0.058624575,1.450236363,-0.653817000,-0.045865000,0.004468000,0.755248000
1718187013701092096.000000000,-0.029751457,-0.057798489,1.477301945,-0.649511000,-0.046726000,-0.000450000,0.758915000
1718187013767770368.000000000,-0.021784460,-0.054260972,1.494693314,-0.646773000,-0.044324000,0.002633000,0.761389000
1718187013834449152.000000000,-0.016155946,-0.054210933,1.508742740,-0.648238000,-0.043166000,-0.001288000,0.760212000
1718187013901127680.000000000,-0.009910711,-0.053723594,1.522337996,-0.643456000,-0.038771000,-0.004453000,0.764488000
1718187013967805696.000000000,-0.002786203,-0.053573923,1.531323308,-0.637849000,-0.031045000,-0.020766000,0.769255000
1718187014034483200.000000000,0.000292883,-0.053704040,1.534088713,-0.637583000,-0.020071000,-0.051626000,0.768388000
1718187014101161472.000000000,0.002661540,-0.055423726,1.534998066,-0.639203000,-0.005910000,-0.072798000,0.765562000
1718187014201178368.000000000,0.004071176,-0.060002325,1.527546468,-0.641349000,0.025070000,-0.102651000,0.759938000
1718187014267859968.000000000,0.001571311,-0.066436271,1.520100303,-0.638169000,0.046903000,-0.127808000,0.757764000
1718187014334542336.000000000,-0.003956606,-0.077333471,1.512696976,-0.639017000,0.073249000,-0.144869000,0.751867000
1718187014401224960.000000000,-0.011212747,-0.091866148,1.508303693,-0.633572000,0.087906000,-0.163539000,0.751075000
1718187014534589184.000000000,-0.026766558,-0.119844077,1.501747444,-0.633923000,0.116972000,-0.164419000,0.746609000
1718187014601272064.000000000,-0.032299004,-0.129709599,1.498010759,-0.636681000,0.127208000,-0.162373000,0.743028000
1718187014667954688.000000000,-0.038137258,-0.138731990,1.495663187,-0.638945000,0.134546000,-0.158318000,0.740663000
1718187014734637312.000000000,-0.042439755,-0.145996846,1.495079401,-0.640577000,0.138633000,-0.150391000,0.740152000
1718187014801319680.000000000,-0.046871046,-0.151874160,1.492980251,-0.640925000,0.139611000,-0.153729000,0.738980000
1718187014868002304.000000000,-0.050350652,-0.153226238,1.489939704,-0.643023000,0.140391000,-0.160026000,0.735666000
1718187014934683904.000000000,-0.051151354,-0.153996448,1.485896233,-0.644164000,0.146803000,-0.154211000,0.734657000
1718187015001366528.000000000,-0.051011479,-0.151489236,1.482425528,-0.647967000,0.153164000,-0.151662000,0.730533000
1718187015068049152.000000000,-0.050128991,-0.147592787,1.480649715,-0.645907000,0.158034000,-0.153541000,0.730927000
1718187015134732032.000000000,-0.049626696,-0.141188005,1.478211082,-0.647496000,0.162264000,-0.156461000,0.727969000
1718187015201414400.000000000,-0.051307842,-0.134680554,1.474514355,-0.649823000,0.164481000,-0.153352000,0.726058000
1718187015301436672.000000000,-0.054640933,-0.115566297,1.469488533,-0.650313000,0.166870000,-0.156484000,0.724403000
1718187015368115968.000000000,-0.059258825,-0.098550705,1.464789329,-0.651721000,0.167901000,-0.155560000,0.723097000
1718187015434796800.000000000,-0.065946764,-0.077754994,1.459048599,-0.651982000,0.171450000,-0.152573000,0.722666000
1718187015534817536.000000000,-0.079389467,-0.039046994,1.452646584,-0.652366000,0.176625000,-0.142540000,0.723121000
1718187015601498368.000000000,-0.089846086,-0.009842704,1.451440487,-0.650940000,0.177136000,-0.139646000,0.724844000
1718187015668179200.000000000,-0.100168507,0.020632028,1.454572594,-0.648398000,0.171917000,-0.143362000,0.727648000
1718187015768199936.000000000,-0.113615531,0.065794658,1.462361375,-0.646003000,0.171094000,-0.143963000,0.729850000
1718187015834879232.000000000,-0.122394486,0.094485200,1.468351767,-0.649507000,0.170841000,-0.139895000,0.727588000
1718187015901560064.000000000,-0.131893630,0.122586838,1.474734601,-0.650672000,0.168916000,-0.139613000,0.727050000
1718187015968240384.000000000,-0.141359879,0.147938810,1.478435892,-0.649174000,0.166601000,-0.138068000,0.729215000
1718187016034920704.000000000,-0.149820153,0.171869139,1.480325869,-0.650165000,0.171885000,-0.134912000,0.727695000
1718187016101601280.000000000,-0.159685801,0.192579067,1.481571677,-0.650262000,0.168756000,-0.133887000,0.728530000
1718187016168281856.000000000,-0.172072897,0.212934989,1.482869735,-0.648990000,0.166548000,-0.137705000,0.729459000
1718187016234961152.000000000,-0.186082812,0.232748466,1.483730820,-0.649038000,0.161981000,-0.140077000,0.729993000
1718187016301644544.000000000,-0.202412428,0.252900482,1.483197666,-0.648017000,0.161915000,-0.141039000,0.730730000
1718187016368327168.000000000,-0.223623736,0.273350523,1.480581696,-0.648590000,0.158842000,-0.142196000,0.730672000
1718187016435010048.000000000,-0.245476848,0.294414237,1.477127077,-0.649402000,0.153310000,-0.149065000,0.729762000
1718187016535034368.000000000,-0.281631567,0.326559430,1.474196407,-0.644349000,0.150415000,-0.158365000,0.732878000
1718187016601717504.000000000,-0.309966577,0.346747549,1.472608106,-0.643895000,0.153398000,-0.157029000,0.732946000
1718187016668399616.000000000,-0.337956689,0.368561321,1.471859345,-0.647616000,0.153173000,-0.164805000,0.727991000
1718187016768423680.000000000,-0.374090818,0.399375169,1.470062029,-0.647707000,0.154460000,-0.169104000,0.726651000
1718187016835106816.000000000,-0.394170133,0.419859149,1.466868850,-0.646238000,0.162994000,-0.169021000,0.726113000
1718187016901789952.000000000,-0.414144040,0.441691158,1.464471774,-0.648355000,0.163879000,-0.168199000,0.724216000
1718187017001814016.000000000,-0.443162156,0.480207741,1.460614716,-0.650297000,0.166562000,-0.167809000,0.721949000
1718187017101838336.000000000,-0.470624392,0.524948170,1.457167344,-0.651853000,0.169232000,-0.161945000,0.721264000
1718187017168520448.000000000,-0.488907108,0.557571909,1.456144772,-0.652666000,0.167045000,-0.162756000,0.720856000
1718187017235203584.000000000,-0.506630622,0.590712004,1.457639528,-0.649861000,0.165977000,-0.160840000,0.724060000
1718187017368570112.000000000,-0.537196085,0.662468357,1.460753384,-0.650336000,0.168626000,-0.152648000,0.724794000
1718187017435253248.000000000,-0.552177461,0.695284675,1.465519671,-0.652026000,0.163103000,-0.153180000,0.724428000
1718187017501936384.000000000,-0.567230520,0.729131217,1.470358909,-0.648221000,0.160428000,-0.155678000,0.727899000
1718187017601960704.000000000,-0.591344039,0.780327851,1.474389152,-0.650053000,0.171566000,-0.149906000,0.724931000
1718187017668644096.000000000,-0.609813243,0.811296477,1.476531716,-0.648925000,0.172325000,-0.150690000,0.725598000
1718187017735327488.000000000,-0.632093500,0.840389625,1.478390062,-0.646392000,0.167821000,-0.159349000,0.727063000
1718187017802010368.000000000,-0.656526127,0.873343276,1.476730951,-0.647162000,0.166805000,-0.161822000,0.726066000
1718187017902035712.000000000,-0.698400183,0.922396773,1.470696145,-0.650080000,0.171553000,-0.158330000,0.723116000
1718187017968718848.000000000,-0.727589320,0.953374856,1.467805212,-0.647008000,0.168923000,-0.168514000,0.724189000
1718187018068743168.000000000,-0.773948233,1.002469969,1.462816599,-0.650029000,0.165594000,-0.185221000,0.718146000
1718187018135426304.000000000,-0.803454143,1.033055331,1.460491630,-0.654892000,0.169991000,-0.182081000,0.713489000
1718187018202109696.000000000,-0.829326314,1.064581949,1.460271811,-0.653432000,0.175152000,-0.176195000,0.715055000
1718187018268793344.000000000,-0.854007417,1.095465712,1.459458896,-0.653847000,0.177556000,-0.182984000,0.712373000
1718187018335475968.000000000,-0.877309235,1.126906118,1.457880863,-0.654795000,0.175420000,-0.183757000,0.711832000
1718187018402159360.000000000,-0.898839043,1.162053840,1.454166573,-0.654861000,0.178521000,-0.180167000,0.711918000
1718187018468841728.000000000,-0.920897816,1.202611393,1.448741011,-0.654150000,0.183523000,-0.174776000,0.712644000
1718187018535524864.000000000,-0.943511978,1.244001931,1.441218277,-0.654394000,0.181352000,-0.169444000,0.714261000
1718187018602208000.000000000,-0.965186448,1.286856910,1.436521786,-0.656224000,0.175574000,-0.164201000,0.715249000
1718187018668891136.000000000,-0.983712423,1.331889351,1.435010559,-0.659644000,0.172044000,-0.157261000,0.714520000
1718187018735574528.000000000,-1.003762800,1.374126588,1.436459935,-0.668923000,0.167636000,-0.152266000,0.707994000
1718187018802257664.000000000,-1.021163747,1.413825814,1.440295652,-0.666788000,0.162227000,-0.153727000,0.710946000
1718187018868940800.000000000,-1.038417302,1.457487149,1.444958503,-0.667847000,0.165809000,-0.154005000,0.709063000
1718187018935623168.000000000,-1.056166999,1.498360907,1.447677438,-0.668855000,0.173235000,-0.147780000,0.707660000
1718187019002306304.000000000,-1.075161434,1.535217291,1.447571323,-0.667498000,0.172088000,-0.152563000,0.708207000
1718187019068989696.000000000,-1.095053780,1.573735100,1.446198636,-0.664545000,0.169970000,-0.159777000,0.709902000
1718187019169014528.000000000,-1.128573683,1.632862328,1.440494449,-0.667791000,0.176678000,-0.152741000,0.706761000
1718187019235697920.000000000,-1.150855218,1.671469461,1.433916768,-0.665895000,0.177864000,-0.157624000,0.707180000
1718187019302380288.000000000,-1.175507544,1.708646120,1.428921283,-0.669084000,0.184234000,-0.166456000,0.700484000
1718187019369061888.000000000,-1.198571815,1.743192247,1.427893805,-0.672634000,0.183806000,-0.169171000,0.696534000
1718187019435744768.000000000,-1.219776749,1.776349209,1.429530091,-0.671116000,0.185535000,-0.175408000,0.695997000
1718187019502427136.000000000,-1.238959645,1.805424992,1.435174108,-0.667660000,0.188594000,-0.178430000,0.697728000
1718187019569109760.000000000,-1.258819091,1.834278088,1.440685195,-0.667309000,0.180419000,-0.177920000,0.700352000
1718187019669133568.000000000,-1.289547914,1.885728171,1.446607337,-0.664614000,0.172848000,-0.175916000,0.705312000
1718187019735815936.000000000,-1.308928231,1.922307565,1.448193468,-0.660641000,0.170929000,-0.159265000,0.713422000
1718187019802497536.000000000,-1.333472869,1.961399726,1.448164407,-0.661622000,0.156621000,-0.157473000,0.716190000
1718187019869180416.000000000,-1.360298326,2.001538494,1.447842815,-0.657999000,0.144487000,-0.158884000,0.721745000
1718187019935863040.000000000,-1.389163436,2.044354288,1.448762334,-0.662204000,0.138936000,-0.144515000,0.722009000
1718187020002545664.000000000,-1.415319107,2.087173624,1.453223589,-0.662436000,0.139214000,-0.133253000,0.723907000
1718187020102569472.000000000,-1.460739383,2.149179305,1.456631591,-0.666263000,0.131617000,-0.129990000,0.722408000
1718187020169251840.000000000,-1.486939720,2.180436265,1.454693731,-0.669642000,0.131958000,-0.122276000,0.720566000
1718187020269275136.000000000,-1.538262091,2.237130361,1.451778109,-0.665351000,0.130305000,-0.120887000,0.725062000
1718187020335958784.000000000,-1.576445970,2.273574885,1.443853184,-0.665141000,0.131262000,-0.125884000,0.724231000
1718187020402641920.000000000,-1.616582859,2.310056901,1.437222116,-0.664676000,0.136732000,-0.121837000,0.724338000
1718187020469325568.000000000,-1.656938449,2.348819909,1.433589993,-0.663209000,0.138420000,-0.127788000,0.724336000
1718187020536008704.000000000,-1.697288038,2.387439017,1.430258026,-0.657009000,0.150187000,-0.145147000,0.724372000
1718187020602692096.000000000,-1.742240476,2.418307932,1.425542149,-0.665715000,0.156030000,-0.145243000,0.715111000
1718187020702716416.000000000,-1.801347960,2.469736381,1.422386507,-0.673388000,0.159109000,-0.150455000,0.706113000
1718187020769399552.000000000,-1.836701409,2.504671647,1.422848119,-0.670695000,0.166034000,-0.147930000,0.707614000
1718187020836082944.000000000,-1.873305610,2.542791767,1.421320151,-0.669709000,0.165205000,-0.150524000,0.708194000
1718187020902766336.000000000,-1.908520681,2.584666533,1.417154573,-0.665982000,0.164553000,-0.152316000,0.711470000
1718187020969449984.000000000,-1.948283992,2.630018530,1.412517190,-0.664953000,0.160882000,-0.144272000,0.714941000
1718187021036133120.000000000,-1.988212256,2.675363817,1.412554912,-0.657094000,0.156170000,-0.142905000,0.723476000
1718187021102816768.000000000,-2.027900093,2.721683193,1.414404956,-0.650087000,0.142788000,-0.142067000,0.732677000
1718187021169499648.000000000,-2.066989828,2.770486657,1.411861957,-0.660342000,0.139826000,-0.137993000,0.724814000
1718187021269525248.000000000,-2.119620726,2.840534136,1.416430607,-0.670541000,0.132910000,-0.124802000,0.719121000
1718187021336209664.000000000,-2.153704775,2.881929896,1.417620308,-0.674282000,0.131127000,-0.124687000,0.715963000
1718187021436236288.000000000,-2.204386605,2.939648262,1.418684315,-0.678194000,0.132454000,-0.119141000,0.712962000
1718187021502920704.000000000,-2.239478001,2.977270672,1.416454328,-0.678217000,0.128945000,-0.121841000,0.713126000
1718187021569604352.000000000,-2.274284034,3.012881556,1.411324784,-0.677739000,0.125954000,-0.124728000,0.713616000
1718187021636289280.000000000,-2.310824345,3.050741046,1.405563902,-0.677214000,0.129268000,-0.125756000,0.713342000
1718187021702973696.000000000,-2.348430551,3.088398221,1.401153569,-0.672870000,0.131812000,-0.127357000,0.716695000
1718187021769658368.000000000,-2.386845717,3.126636928,1.394451173,-0.675728000,0.139628000,-0.131240000,0.711809000
1718187021836343552.000000000,-2.426775988,3.158080294,1.390440351,-0.686221000,0.132797000,-0.133236000,0.702648000
1718187021903027968.000000000,-2.463409294,3.191530357,1.389539958,-0.687301000,0.132245000,-0.138126000,0.700749000
1718187021969713152.000000000,-2.496285988,3.224413046,1.391028563,-0.687081000,0.136209000,-0.130776000,0.701615000
1718187022069739520.000000000,-2.542230703,3.275045025,1.392732870,-0.684390000,0.136212000,-0.126116000,0.705089000
1718187022136423936.000000000,-2.572487708,3.309839532,1.391247078,-0.682849000,0.132291000,-0.123950000,0.707710000
1718187022203109120.000000000,-2.603785869,3.346821575,1.387205646,-0.682465000,0.126867000,-0.115169000,0.710550000
1718187022269793280.000000000,-2.631674730,3.383786685,1.385758666,-0.678962000,0.117727000,-0.104201000,0.717143000
1718187022369818112.000000000,-2.672172869,3.436323061,1.385096471,-0.677661000,0.094795000,-0.093481000,0.723222000
1718187022436501248.000000000,-2.695025217,3.469701585,1.389486167,-0.680422000,0.084999000,-0.082747000,0.723155000
1718187022536525312.000000000,-2.727752224,3.518669951,1.394193749,-0.684261000,0.078506000,-0.085752000,0.719910000
1718187022603208448.000000000,-2.747964164,3.545435473,1.395048633,-0.690870000,0.080509000,-0.074068000,0.714654000
1718187022669891584.000000000,-2.766415910,3.570376377,1.393511275,-0.689800000,0.079658000,-0.072521000,0.715941000
1718187022736574720.000000000,-2.786412741,3.592263286,1.389376357,-0.689606000,0.078947000,-0.077384000,0.715698000
1718187022803258368.000000000,-2.803172961,3.610671842,1.381375896,-0.694792000,0.075956000,-0.073294000,0.711423000
1718187022869941504.000000000,-2.820802186,3.628635959,1.378213069,-0.693305000,0.071976000,-0.082426000,0.712287000
1718187022936623872.000000000,-2.841663918,3.645240510,1.375118575,-0.692569000,0.071930000,-0.085668000,0.712626000
1718187023003307264.000000000,-2.863277109,3.658072777,1.373492051,-0.696919000,0.072733000,-0.081474000,0.708785000
1718187023069990656.000000000,-2.886261745,3.670500728,1.370353407,-0.697978000,0.071656000,-0.086867000,0.707210000
1718187023136674048.000000000,-2.904839913,3.681503958,1.372541076,-0.697187000,0.077757000,-0.085740000,0.707484000
1718187023203357440.000000000,-2.917590985,3.693490464,1.369914210,-0.692738000,0.084180000,-0.087439000,0.710902000
1718187023270040320.000000000,-2.930775894,3.703631327,1.366261636,-0.693835000,0.085648000,-0.087872000,0.709603000
1718187023336722944.000000000,-2.943902057,3.713686282,1.365288759,-0.693483000,0.087225000,-0.085327000,0.710065000
1718187023403406336.000000000,-2.954676876,3.724127737,1.366811044,-0.694796000,0.087279000,-0.084701000,0.708849000
1718187023470089728.000000000,-2.968090708,3.735161305,1.368021695,-0.692648000,0.084551000,-0.080482000,0.711767000
1718187023536773120.000000000,-2.984624192,3.743814975,1.363447341,-0.696255000,0.074529000,-0.075309000,0.709932000
1718187023636798464.000000000,-3.003661388,3.756696926,1.357171626,-0.697979000,0.057913000,-0.057680000,0.711438000
1718187023703481856.000000000,-3.018390586,3.762623158,1.353722312,-0.703480000,0.045711000,-0.041309000,0.708040000
1718187023770165504.000000000,-3.034642757,3.765018192,1.354119184,-0.702062000,0.028672000,-0.024665000,0.711110000
1718187023870189568.000000000,-3.064769339,3.757755136,1.350076553,-0.706817000,-0.007618000,0.008857000,0.707300000
1718187023936873472.000000000,-3.085787660,3.742072905,1.347242982,-0.707654000,-0.038915000,0.038522000,0.704434000
1718187024003556352.000000000,-3.105421925,3.717055358,1.344030196,-0.705116000,-0.077333000,0.072176000,0.701157000
1718187024070240256.000000000,-3.120164354,3.680237339,1.339460089,-0.698646000,-0.118414000,0.110291000,0.696927000
1718187024136923648.000000000,-3.130433830,3.635816159,1.335198228,-0.688231000,-0.162724000,0.144160000,0.692154000
1718187024203607552.000000000,-3.132884670,3.585830365,1.333063204,-0.678124000,-0.203406000,0.186791000,0.681089000
1718187024303631104.000000000,-3.123071997,3.509398252,1.333686186,-0.650817000,-0.261948000,0.246446000,0.668645000
1718187024403656960.000000000,-3.101951804,3.431434924,1.332338989,-0.628530000,-0.309244000,0.315221000,0.640277000
1718187024470340352.000000000,-3.082485925,3.379205384,1.329578638,-0.616291000,-0.342360000,0.351315000,0.616079000
1718187024537024256.000000000,-3.058023921,3.328048562,1.328889836,-0.594925000,-0.379502000,0.387120000,0.593448000
1718187024603707648.000000000,-3.029009351,3.281603905,1.328978171,-0.569279000,-0.414043000,0.419502000,0.573156000
1718187024703731968.000000000,-2.982653547,3.225822320,1.330413378,-0.531791000,-0.456223000,0.472808000,0.534333000
1718187024803757568.000000000,-2.929745847,3.177775910,1.325498948,-0.495484000,-0.499618000,0.516704000,0.487745000
1718187024870441472.000000000,-2.888590075,3.158422396,1.324513382,-0.468766000,-0.530199000,0.540562000,0.454907000
1718187024937124864.000000000,-2.852421466,3.148220844,1.328380950,-0.437981000,-0.555013000,0.565294000,0.424943000
1718187025037150464.000000000,-2.799624609,3.134385788,1.330467133,-0.387771000,-0.589746000,0.594895000,0.384621000
1718187025103834112.000000000,-2.769879514,3.132482665,1.331555617,-0.362101000,-0.607740000,0.615441000,0.347517000
1718187025203858688.000000000,-2.731209505,3.133325889,1.336494295,-0.323993000,-0.631631000,0.636005000,0.302602000
1718187025270542336.000000000,-2.710646231,3.135114040,1.341434189,-0.299680000,-0.642203000,0.650707000,0.272668000
1718187025337225984.000000000,-2.685840843,3.133399131,1.343121783,-0.277101000,-0.653821000,0.658611000,0.248928000
1718187025403909632.000000000,-2.661178264,3.135457137,1.346466551,-0.256031000,-0.662572000,0.667089000,0.224586000
1718187025470593280.000000000,-2.637416777,3.139884203,1.350800670,-0.236187000,-0.669453000,0.674947000,0.201234000
1718187025570617600.000000000,-2.605955779,3.146376173,1.352909090,-0.215874000,-0.676145000,0.683064000,0.172191000
1718187025637301248.000000000,-2.585009233,3.152754588,1.354441738,-0.205951000,-0.680421000,0.686562000,0.152457000
1718187025703985152.000000000,-2.569047415,3.157723422,1.356123050,-0.194394000,-0.680060000,0.691893000,0.144961000
1718187025770668800.000000000,-2.551898964,3.160445512,1.356666217,-0.180949000,-0.677675000,0.697088000,0.148603000
1718187025837352448.000000000,-2.535378507,3.161536192,1.355008307,-0.177519000,-0.680979000,0.695663000,0.144249000
1718187025904036096.000000000,-2.523476606,3.158961998,1.355795329,-0.175130000,-0.681953000,0.696982000,0.135963000
1718187026004060672.000000000,-2.507094861,3.154189716,1.358989530,-0.173349000,-0.682104000,0.697431000,0.135184000
1718187026070744320.000000000,-2.494782615,3.151217024,1.361833159,-0.168796000,-0.682276000,0.699172000,0.131016000
1718187026137428480.000000000,-2.483260301,3.149513586,1.363690815,-0.167010000,-0.681978000,0.699193000,0.134691000
1718187026204112128.000000000,-2.474865166,3.148403038,1.363398484,-0.164350000,-0.682886000,0.699657000,0.130902000
1718187026304137472.000000000,-2.461683095,3.143775420,1.360348753,-0.165196000,-0.684483000,0.697021000,0.135480000
1718187026370820864.000000000,-2.451891691,3.138492925,1.361774734,-0.168003000,-0.682197000,0.699117000,0.132731000
1718187026437504768.000000000,-2.442239474,3.130671509,1.361980282,-0.169117000,-0.679443000,0.700681000,0.137121000
1718187026537528320.000000000,-2.424864412,3.112180786,1.359200103,-0.171031000,-0.683940000,0.696618000,0.133035000
1718187026604212480.000000000,-2.413939287,3.094588796,1.356892615,-0.172585000,-0.687897000,0.692961000,0.129681000
1718187026670895872.000000000,-2.401828260,3.072195672,1.355251650,-0.172491000,-0.687525000,0.693064000,0.131219000
1718187026737579264.000000000,-2.387083145,3.045803561,1.352796486,-0.169523000,-0.688755000,0.691479000,0.136872000
1718187026804262912.000000000,-2.370790517,3.017884265,1.349229350,-0.168104000,-0.690682000,0.691120000,0.130582000
1718187026870946560.000000000,-2.354051418,2.986978450,1.348693591,-0.167217000,-0.689776000,0.693571000,0.123317000
1718187026937629184.000000000,-2.335053717,2.954967155,1.349340448,-0.158102000,-0.688665000,0.696993000,0.122254000
1718187027004312320.000000000,-2.319284869,2.920328287,1.349654745,-0.155065000,-0.685216000,0.700092000,0.127694000
1718187027070995968.000000000,-2.301251273,2.885730951,1.350356345,-0.161493000,-0.689457000,0.696563000,0.115626000
1718187027137679872.000000000,-2.284270960,2.851605141,1.352852219,-0.165943000,-0.691642000,0.695527000,0.101669000
1718187027237705728.000000000,-2.256240682,2.803140526,1.357010292,-0.159948000,-0.692406000,0.694526000,0.112359000
1718187027337728768.000000000,-2.221642072,2.757211166,1.358700360,-0.155547000,-0.692541000,0.695830000,0.109602000
1718187027404411904.000000000,-2.196918900,2.725094413,1.356385481,-0.155301000,-0.693479000,0.694678000,0.111316000
1718187027471095296.000000000,-2.167692318,2.693579580,1.352266672,0.153936000,0.695696000,-0.692840000,-0.110831000
1718187027571119616.000000000,-2.123525682,2.643656381,1.351137540,-0.154079000,-0.691445000,0.696742000,0.112758000
1718187027637802752.000000000,-2.093487654,2.609144261,1.352826378,-0.151789000,-0.686065000,0.700833000,0.122917000
1718187027704485888.000000000,-2.063181505,2.574805908,1.353503150,-0.156028000,-0.685858000,0.698800000,0.130128000
1718187027771168768.000000000,-2.032767493,2.539954738,1.357980459,-0.161696000,-0.690230000,0.693053000,0.130824000
1718187027837850880.000000000,-2.004608254,2.502457244,1.362716289,-0.167187000,-0.685275000,0.695136000,0.138682000
1718187027904534016.000000000,-1.977999525,2.467790737,1.367586412,-0.173689000,-0.685316000,0.693058000,0.140872000
1718187027971217152.000000000,-1.949395322,2.432114720,1.372696232,-0.171902000,-0.682005000,0.696750000,0.140918000
1718187028037900288.000000000,-1.917619506,2.394633020,1.372600307,-0.167132000,-0.682042000,0.697033000,0.145019000
1718187028104583168.000000000,-1.886526685,2.354613026,1.369083063,-0.168245000,-0.681133000,0.698432000,0.141225000
1718187028171266304.000000000,-1.854622295,2.312194627,1.366603157,-0.167049000,-0.680898000,0.699397000,0.138984000
1718187028237948672.000000000,-1.825300437,2.266558273,1.368726239,-0.158955000,-0.675514000,0.706636000,0.138128000
1718187028337972736.000000000,-1.779722260,2.197518279,1.368884278,-0.142638000,-0.672613000,0.711926000,0.142853000
1718187028404655616.000000000,-1.753315922,2.152412239,1.372937829,-0.141528000,-0.672394000,0.713627000,0.136354000
1718187028471338752.000000000,-1.723013709,2.105503243,1.370401552,-0.143507000,-0.678633000,0.708026000,0.132523000
1718187028538021632.000000000,-1.692644883,2.060182717,1.372274916,-0.147570000,-0.683267000,0.703452000,0.128548000
1718187028604704256.000000000,-1.664453618,2.017717104,1.374292892,-0.147558000,-0.681969000,0.704312000,0.130727000
1718187028671386112.000000000,-1.634901115,1.975607890,1.375503298,-0.144534000,-0.679086000,0.707241000,0.133274000
1718187028738068736.000000000,-1.604209082,1.934261792,1.376051309,-0.147801000,-0.674651000,0.710442000,0.135176000
1718187028804751872.000000000,-1.570686340,1.893360506,1.374639978,-0.146225000,-0.672168000,0.712397000,0.138921000
1718187028871434752.000000000,-1.536412920,1.853908030,1.373562646,-0.149742000,-0.667407000,0.715182000,0.143734000
1718187028938117120.000000000,-1.501828635,1.812468490,1.371085436,-0.157078000,-0.666522000,0.713881000,0.146452000
1718187029038141952.000000000,-1.452219076,1.757944728,1.371322067,-0.158832000,-0.668100000,0.710745000,0.152503000
1718187029138164736.000000000,-1.408050683,1.702671636,1.374666011,-0.163100000,-0.672921000,0.705224000,0.152430000
1718187029204847872.000000000,-1.382435220,1.664497232,1.378334759,-0.165778000,-0.670023000,0.708299000,0.147983000
1718187029271530240.000000000,-1.350657796,1.625588058,1.379931596,-0.162920000,-0.671727000,0.707060000,0.149349000
1718187029338211328.000000000,-1.317167848,1.584945085,1.380747796,-0.164127000,-0.668440000,0.711257000,0.142703000
1718187029404892416.000000000,-1.281689422,1.543124447,1.379865317,-0.156507000,-0.667717000,0.714364000,0.139078000
1718187029504913152.000000000,-1.230087950,1.479801330,1.380989832,-0.144553000,-0.663854000,0.722049000,0.130567000
1718187029571593472.000000000,-1.196332744,1.435979399,1.383877656,-0.141303000,-0.668766000,0.719933000,0.120342000
1718187029638274304.000000000,-1.163457604,1.394186411,1.393127561,-0.134594000,-0.669649000,0.722170000,0.109198000
1718187029704955136.000000000,-1.131242866,1.350879771,1.398451696,-0.124084000,-0.670538000,0.722231000,0.115608000
1718187029771635712.000000000,-1.098363601,1.309119796,1.400252159,-0.129086000,-0.675148000,0.717990000,0.109554000
1718187029838316288.000000000,-1.066207229,1.269880223,1.401564433,-0.130303000,-0.676274000,0.718018000,0.100620000
1718187029904997120.000000000,-1.031500753,1.230736299,1.402854165,-0.121695000,-0.674704000,0.719383000,0.111595000
1718187029971677696.000000000,-0.992104541,1.191825458,1.398557061,-0.121216000,-0.673512000,0.720202000,0.114003000
1718187030038357248.000000000,-0.950379421,1.152800097,1.391636669,-0.125743000,-0.674598000,0.719067000,0.109767000
1718187030105037568.000000000,-0.910688868,1.113030764,1.386490959,-0.130875000,-0.671152000,0.720564000,0.114947000
1718187030171718400.000000000,-0.870044371,1.072039063,1.381498398,-0.138044000,-0.671906000,0.716521000,0.126823000
1718187030238398720.000000000,-0.829881966,1.035321686,1.382880971,-0.142359000,-0.676617000,0.710843000,0.128939000
1718187030305081088.000000000,-0.792917016,0.996299355,1.384951607,-0.148734000,-0.672141000,0.712458000,0.136046000
1718187030371763968.000000000,-0.756154531,0.958324778,1.388850871,-0.154843000,-0.674508000,0.709052000,0.135307000
1718187030438446848.000000000,-0.722222654,0.920372469,1.393020955,-0.160239000,-0.668719000,0.713955000,0.131936000
1718187030505128704.000000000,-0.681930045,0.880884999,1.390346120,-0.155191000,-0.671698000,0.711170000,0.137749000
1718187030571811840.000000000,-0.642818950,0.840410633,1.386184405,-0.157234000,-0.672713000,0.710890000,0.131796000
1718187030638494720.000000000,-0.604838121,0.795205791,1.382998727,-0.156660000,-0.669725000,0.714515000,0.128041000
1718187030738519040.000000000,-0.551933910,0.724923255,1.384197820,-0.154352000,-0.660949000,0.723379000,0.126667000
1718187030805201920.000000000,-0.516200074,0.676595185,1.388330686,-0.156144000,-0.667305000,0.717662000,0.123631000
1718187030871884800.000000000,-0.481093349,0.633078024,1.398098031,-0.151051000,-0.667767000,0.720146000,0.112518000
1718187030971908352.000000000,-0.428318968,0.568500934,1.408322517,-0.144606000,-0.668350000,0.719813000,0.119442000
1718187031038590720.000000000,-0.393752983,0.530113548,1.411185525,-0.147259000,-0.666285000,0.722030000,0.114242000
1718187031105273856.000000000,-0.356853639,0.491372055,1.410949071,-0.142797000,-0.667571000,0.721420000,0.116241000
1718187031205298432.000000000,-0.300815558,0.431402280,1.406690027,-0.144936000,-0.663166000,0.724214000,0.121320000
1718187031271981056.000000000,-0.262950266,0.391015784,1.399807979,-0.148628000,-0.661140000,0.723692000,0.130669000
1718187031338661888.000000000,-0.227389833,0.349930535,1.393580220,-0.157289000,-0.655384000,0.724727000,0.143187000
1718187031405343744.000000000,-0.191734948,0.307449039,1.389938931,-0.174180000,-0.654784000,0.718701000,0.156166000
1718187031505366528.000000000,-0.151594929,0.247028865,1.392436157,-0.196884000,-0.648103000,0.714220000,0.176318000
1718187031572048384.000000000,-0.131626721,0.205765156,1.393716483,-0.218726000,-0.644336000,0.707747000,0.189960000
1718187031705411840.000000000,-0.099756293,0.123454552,1.388658126,-0.254996000,-0.634919000,0.697304000,0.213591000
1718187031772093440.000000000,-0.087155158,0.084201786,1.381881082,-0.264638000,-0.628177000,0.692828000,0.235263000
1718187031838774272.000000000,-0.078021552,0.043477815,1.372804878,-0.275127000,-0.621801000,0.686246000,0.258332000
1718187031905455872.000000000,-0.077372350,0.001761902,1.366584129,-0.295634000,-0.608183000,0.680606000,0.281939000
1718187031972137472.000000000,-0.083112155,-0.039169897,1.360625698,-0.321506000,-0.593294000,0.669645000,0.310181000
1718187032038819072.000000000,-0.093038050,-0.076150065,1.357113733,-0.355613000,-0.582174000,0.651684000,0.331544000
1718187032105500672.000000000,-0.107135057,-0.108350270,1.354315794,-0.388719000,-0.562754000,0.630369000,0.367207000
1718187032172182272.000000000,-0.122104478,-0.135879627,1.349308055,-0.422217000,-0.552667000,0.599101000,0.396699000
1718187032272203520.000000000,-0.145723198,-0.167897798,1.339885704,-0.472297000,-0.520923000,0.557228000,0.441670000
1718187032338886144.000000000,-0.160626427,-0.185083516,1.332353431,-0.504498000,-0.493354000,0.528119000,0.472413000
1718187032405568512.000000000,-0.175741448,-0.198958669,1.320616322,-0.538226000,-0.462639000,0.495242000,0.501012000
1718187032472251136.000000000,-0.187435109,-0.209009847,1.314884075,-0.566762000,-0.426180000,0.462498000,0.532209000
1718187032538933504.000000000,-0.196791160,-0.215603882,1.312404010,-0.597769000,-0.389486000,0.422510000,0.558979000
1718187032638957056.000000000,-0.203105375,-0.217304677,1.314587175,-0.630173000,-0.337115000,0.385267000,0.583785000
1718187032705638400.000000000,-0.204526258,-0.212672818,1.316876757,-0.642093000,-0.306515000,0.355397000,0.606183000
1718187032772320768.000000000,-0.202091861,-0.206498952,1.318045636,-0.650190000,-0.283784000,0.331523000,0.621942000
1718187032839003136.000000000,-0.198370489,-0.198205525,1.318045802,-0.659658000,-0.264129000,0.311798000,0.630769000
1718187032905685760.000000000,-0.192870100,-0.194680101,1.319621669,-0.665512000,-0.253604000,0.288455000,0.639978000
1718187032972368128.000000000,-0.186631645,-0.186970016,1.326222590,-0.668134000,-0.235661000,0.268979000,0.652466000
1718187033072391680.000000000,-0.175501647,-0.174626889,1.324660536,-0.674008000,-0.215364000,0.242730000,0.663637000
1718187033139072768.000000000,-0.164034614,-0.163601975,1.324376582,-0.675248000,-0.200821000,0.228720000,0.671862000
1718187033205755136.000000000,-0.150168518,-0.152135610,1.322120880,-0.676148000,-0.190512000,0.214578000,0.678590000
1718187033272437504.000000000,-0.136275662,-0.138719266,1.319907449,-0.677149000,-0.177459000,0.199368000,0.685733000
1718187033339120384.000000000,-0.120742948,-0.124267969,1.316932725,-0.684177000,-0.158975000,0.182271000,0.688045000
1718187033405802752.000000000,-0.105285501,-0.111862189,1.317687131,-0.690208000,-0.141957000,0.165927000,0.689877000
1718187033472485120.000000000,-0.089780075,-0.101465874,1.323503524,-0.691203000,-0.122898000,0.147815000,0.696624000
1718187033539168256.000000000,-0.076513061,-0.092015025,1.329167085,-0.690580000,-0.108458000,0.133731000,0.702462000
1718187033605849600.000000000,-0.067378174,-0.080774212,1.334597416,-0.694609000,-0.093801000,0.116020000,0.703747000
1718187033672531968.000000000,-0.058677684,-0.070656595,1.342463385,-0.694734000,-0.077542000,0.098924000,0.708199000
1718187033739214848.000000000,-0.052695043,-0.059790807,1.348217991,-0.694042000,-0.065152000,0.077198000,0.712813000
1718187033805897472.000000000,-0.049693669,-0.046022538,1.351633960,-0.693169000,-0.047989000,0.050451000,0.717404000
1718187033872579840.000000000,-0.046517121,-0.034451654,1.353626440,-0.693725000,-0.027122000,0.027550000,0.719202000
1718187033939261952.000000000,-0.043683548,-0.025727323,1.354217855,-0.696746000,-0.004327000,0.000983000,0.717304000
1718187034005944064.000000000,-0.038095775,-0.017803914,1.358828215,-0.696754000,0.019925000,-0.023494000,0.716649000
1718187034072626688.000000000,-0.032693014,-0.016446302,1.362855240,-0.691738000,0.034596000,-0.047342000,0.719764000
1718187034172650240.000000000,-0.024969726,-0.018977457,1.367768036,-0.689765000,0.066010000,-0.069616000,0.717649000
1718187034239333120.000000000,-0.016631749,-0.017470929,1.373977990,-0.685472000,0.083950000,-0.080574000,0.718741000
1718187034306015488.000000000,-0.008651858,-0.019704856,1.379926132,-0.681304000,0.092497000,-0.095155000,0.719872000
1718187034372698112.000000000,0.000190434,-0.023263538,1.384384797,-0.675721000,0.099316000,-0.103145000,0.723117000
1718187034472720384.000000000,0.010753801,-0.020513099,1.390442789,-0.674407000,0.102337000,-0.111459000,0.722689000
1718187034539403264.000000000,0.015801825,-0.015996436,1.394162309,-0.676465000,0.110744000,-0.114724000,0.719006000
1718187034606085120.000000000,0.022379922,-0.013661923,1.400329781,-0.669041000,0.120520000,-0.116146000,0.724133000
1718187034672767744.000000000,0.029566872,-0.007992243,1.401954466,-0.667397000,0.121937000,-0.128818000,0.723269000
1718187034739450112.000000000,0.034649534,-0.005725814,1.403305068,-0.664396000,0.124182000,-0.132934000,0.724904000
1718187034806132480.000000000,0.036545205,-0.006412531,1.402411446,-0.664443000,0.131216000,-0.133335000,0.723547000
1718187034906155264.000000000,0.040775500,-0.003774854,1.402585578,-0.663457000,0.139163000,-0.135889000,0.722491000
1718187034972837632.000000000,0.041656443,-0.005836241,1.399783602,-0.662008000,0.139923000,-0.140368000,0.722817000
1718187035039520000.000000000,0.041082711,-0.005480490,1.397415716,-0.664075000,0.140619000,-0.145398000,0.719785000
1718187035106202368.000000000,0.042134865,-0.004043801,1.395648708,-0.663147000,0.144183000,-0.143617000,0.720293000
1718187035172884736.000000000,0.041947356,-0.003091194,1.393932774,-0.662393000,0.146329000,-0.147240000,0.719822000
1718187035239567104.000000000,0.038687434,-0.002843358,1.391104898,-0.664737000,0.145728000,-0.146119000,0.718010000
1718187035306249984.000000000,0.035691062,-0.003383392,1.389245157,-0.664158000,0.146275000,-0.147493000,0.718152000
1718187035372931584.000000000,0.033878318,-0.002659323,1.387175408,-0.663418000,0.146258000,-0.148023000,0.718731000
1718187035472956160.000000000,0.028785234,-0.000181791,1.383795272,-0.665127000,0.149157000,-0.145461000,0.717077000
1718187035539639040.000000000,0.025180926,0.001271721,1.383369664,-0.662855000,0.150691000,-0.146795000,0.718586000
1718187035606321152.000000000,0.022664226,0.002717670,1.382175959,-0.661318000,0.151327000,-0.148597000,0.719498000
1718187035673004288.000000000,0.020427044,0.005581222,1.380689329,-0.661656000,0.152545000,-0.148629000,0.718923000
1718187035739687168.000000000,0.017569939,0.007499042,1.379977130,-0.662153000,0.151338000,-0.150508000,0.718330000
1718187035806368768.000000000,0.015996613,0.009307797,1.379856085,-0.660062000,0.153537000,-0.153594000,0.719134000
1718187035939734784.000000000,0.013155970,0.011917506,1.376341405,-0.663188000,0.151067000,-0.156818000,0.716078000
1718187036006417152.000000000,0.010723505,0.010161423,1.373781762,-0.664557000,0.149865000,-0.158802000,0.714623000
1718187036073100288.000000000,0.010508438,0.010531368,1.371629087,-0.666429000,0.152211000,-0.157868000,0.712588000
1718187036139783168.000000000,0.010417212,0.011576775,1.370101194,-0.667011000,0.152719000,-0.159967000,0.711466000
1718187036239806464.000000000,0.011152397,0.012352526,1.369715242,-0.666781000,0.156156000,-0.159312000,0.711083000
1718187036306489088.000000000,0.011922823,0.012408291,1.370396800,-0.666308000,0.156362000,-0.161541000,0.710978000
1718187036373171712.000000000,0.012735116,0.011674442,1.369127816,-0.667759000,0.155264000,-0.160976000,0.709985000
1718187036439854848.000000000,0.013280726,0.011300561,1.367692385,-0.668354000,0.154618000,-0.161845000,0.709368000
1718187036539878912.000000000,0.012978908,0.010591074,1.364765079,-0.669995000,0.152879000,-0.162930000,0.707946000
1718187036639902720.000000000,0.014135160,0.010261573,1.363129433,-0.669987000,0.154784000,-0.164180000,0.707251000
1718187036706584320.000000000,0.014195724,0.009320297,1.363109827,-0.670399000,0.156502000,-0.163753000,0.706581000
1718187036806608896.000000000,0.014730177,0.007437946,1.364833141,-0.667898000,0.156978000,-0.166965000,0.708091000
1718187036873291520.000000000,0.014924580,0.005327273,1.366228641,-0.666536000,0.156115000,-0.168183000,0.709276000
1718187036939974144.000000000,0.013722137,0.002822746,1.369082849,-0.666115000,0.155098000,-0.167173000,0.710133000
1718187037039998464.000000000,0.011605290,-0.002111370,1.373013368,-0.663063000,0.152665000,-0.168886000,0.713105000
1718187037106681088.000000000,0.010253482,-0.005107507,1.374227255,-0.663686000,0.151471000,-0.169051000,0.712741000
1718187037173362944.000000000,0.012176540,-0.008209959,1.375285149,-0.660590000,0.152698000,-0.168027000,0.715592000
1718187037240045568.000000000,0.013288543,-0.009407401,1.373952576,-0.661273000,0.152031000,-0.170333000,0.714556000
1718187037306728448.000000000,0.016547399,-0.007650032,1.373960268,-0.661225000,0.154472000,-0.168577000,0.714494000
1718187037373411584.000000000,0.019890555,-0.006507394,1.373649581,-0.660434000,0.156873000,-0.167898000,0.714862000
1718187037440094720.000000000,0.021489489,-0.005386525,1.373260483,-0.660207000,0.157064000,-0.169428000,0.714669000
1718187037540119040.000000000,0.022320274,-0.004157327,1.370443712,-0.659413000,0.154527000,-0.170426000,0.715717000
1718187037606801152.000000000,0.022911838,-0.002933353,1.367771406,-0.654499000,0.148394000,-0.172460000,0.721019000
1718187037673484032.000000000,0.023953409,0.001432035,1.359946495,-0.651214000,0.145978000,-0.174130000,0.724078000
1718187037740167168.000000000,0.021101906,0.007314718,1.343302480,-0.659416000,0.145523000,-0.170181000,0.717657000
1718187037840191488.000000000,0.019398375,0.015937163,1.308011871,-0.663998000,0.149094000,-0.154202000,0.716310000
1718187037906874880.000000000,0.018092202,0.022179348,1.277363160,-0.658289000,0.150345000,-0.149422000,0.722306000
1718187037973558016.000000000,0.017170420,0.033106013,1.243134843,-0.655114000,0.151974000,-0.148439000,0.725049000
1718187038073581312.000000000,0.013896012,0.051043840,1.178174774,-0.660905000,0.154173000,-0.141202000,0.720761000
1718187038140264448.000000000,0.014673467,0.062664119,1.133215574,-0.658356000,0.153368000,-0.140650000,0.723369000
1718187038206947584.000000000,0.015280577,0.075655998,1.086238293,-0.657183000,0.150700000,-0.141653000,0.724799000
1718187038273629952.000000000,0.017365492,0.088176874,1.036133384,-0.659346000,0.154276000,-0.141981000,0.722013000
1718187038373653760.000000000,0.019646205,0.102489167,0.958946512,-0.667087000,0.148687000,-0.123480000,0.719472000
1718187038440336128.000000000,0.020450899,0.110390737,0.908214342,-0.673558000,0.133684000,-0.120153000,0.716946000
1718187038507017216.000000000,0.024388936,0.111222934,0.861866756,-0.671222000,0.108905000,-0.103131000,0.725923000
1718187038607040768.000000000,0.029476092,0.114241517,0.791615019,-0.677328000,0.081840000,-0.087281000,0.725886000
1718187038707063552.000000000,0.033430702,0.117714701,0.731251552,-0.678235000,0.064386000,-0.064119000,0.729206000
1718187038773745920.000000000,0.035802395,0.117768691,0.693189721,-0.676512000,0.047970000,-0.057434000,0.732620000
1718187038840428544.000000000,0.040359752,0.116885382,0.654321040,-0.674187000,0.031702000,-0.047104000,0.736375000
1718187038907109632.000000000,0.043218075,0.117788568,0.613868398,-0.676544000,0.023449000,-0.037421000,0.735077000
1718187038973791744.000000000,0.044163327,0.118707427,0.573769054,-0.679241000,0.015833000,-0.035188000,0.732900000
1718187039073815040.000000000,0.049823053,0.123355174,0.520633668,-0.679893000,0.009870000,-0.027626000,0.732724000
1718187039140497152.000000000,0.051534402,0.126825618,0.485589627,-0.680148000,0.005637000,-0.021031000,0.732752000
1718187039207179520.000000000,0.053708347,0.127512683,0.452752117,-0.679007000,0.000346000,-0.008780000,0.734080000
1718187039273861632.000000000,0.057619873,0.126761378,0.419101916,-0.677343000,-0.012459000,0.007260000,0.735526000
1718187039373884672.000000000,0.061388197,0.125821315,0.374249156,-0.676570000,-0.033378000,0.023959000,0.735231000
1718187039440567552.000000000,0.059845305,0.128496956,0.344117409,-0.678558000,-0.041031000,0.035001000,0.732564000
1718187039507250432.000000000,0.058986432,0.130091965,0.318680209,-0.679175000,-0.041970000,0.045206000,0.731380000
1718187039573933312.000000000,0.056241973,0.129798986,0.292194001,-0.681862000,-0.049838000,0.053782000,0.727797000
1718187039640615936.000000000,0.054722939,0.125874168,0.274868684,-0.680181000,-0.057677000,0.047963000,0.729196000
1718187039740640256.000000000,0.051768228,0.116570936,0.252295087,-0.683544000,-0.075145000,0.047820000,0.724454000
1718187039807322112.000000000,0.050395251,0.113294777,0.240626075,-0.682380000,-0.081771000,0.046325000,0.724931000
1718187039907346432.000000000,0.047790592,0.112451923,0.227276502,-0.685730000,-0.082988000,0.060380000,0.720584000
1718187039974029312.000000000,0.048502537,0.113889492,0.219448187,-0.688554000,-0.083572000,0.073342000,0.716610000
1718187040040711936.000000000,0.047834368,0.112193616,0.216248448,-0.689144000,-0.089474000,0.079109000,0.714714000
1718187040140736256.000000000,0.048760371,0.103235197,0.209485709,-0.686919000,-0.113442000,0.082803000,0.713033000
1718187040207418880.000000000,0.051197906,0.095471958,0.201220452,-0.688778000,-0.131089000,0.084662000,0.707978000
1718187040274100736.000000000,0.054459127,0.089907667,0.198046177,-0.685927000,-0.145723000,0.084244000,0.707935000
1718187040340783616.000000000,0.055758032,0.091762000,0.198612077,-0.685179000,-0.139750000,0.077070000,0.710676000
1718187040407466240.000000000,0.056264854,0.096273686,0.198254092,-0.684278000,-0.125052000,0.074174000,0.714579000
1718187040474148352.000000000,0.056077936,0.095702549,0.197908320,-0.683625000,-0.124062000,0.077969000,0.714973000
1718187040540831232.000000000,0.061226410,0.102230342,0.197842840,-0.681112000,-0.123089000,0.080965000,0.717203000
1718187040607513856.000000000,0.061280515,0.105602748,0.198604422,-0.682135000,-0.114665000,0.085853000,0.717058000
1718187040674195456.000000000,0.063555269,0.107968717,0.197612086,-0.681665000,-0.114123000,0.086965000,0.717458000
1718187040740878080.000000000,0.065080362,0.108243033,0.198518568,-0.679217000,-0.113948000,0.086809000,0.719822000
